RANK,MOVEMENT,PLAYER_ID,PLAYER,AVG,TOTAL STROKES,TOTAL HOLES
1,0,46970,Jon Rahm,3.93,157,40
2,0,34360,Patrick Reed,3.95,158,40
3,0,30692,Scott Stallings,3.98,159,40
3,0,57366,Cameron Young,3.98,159,40
5,0,59652,Sam Bennett,4.00,160,40
5,0,34046,Jordan Spieth,4.00,160,40
7,0,40098,Matt Fitzpatrick,4.03,161,40
7,0,46717,Viktor Hovland,4.03,161,40
7,0,55182,Tom Kim,4.03,161,40
7,0,36689,Brooks Koepka,4.03,161,40
7,0,33204,Shane Lowry,4.03,161,40
12,0,28089,Jason Day,4.05,162,40
12,0,34098,Russell Henley,4.05,162,40
12,0,01810,Phil Mickelson,4.05,162,40
15,0,46046,Scottie Scheffler,4.08,163,40
15,0,31323,Gary Woodland,4.08,163,40
17,0,33141,Keegan Bradley,4.10,164,40
17,0,32791,K.H. Lee,4.10,164,40
19,0,29936,Ryan Fox,4.13,165,40
19,0,50525,Collin Morikawa,4.13,165,40
19,0,45486,Joaquin Niemann,4.13,165,40
19,0,24502,Adam Scott,4.13,165,40
23,1,30926,Chris Kirk,4.15,166,40
23,0,35891,Cameron Smith,4.15,166,40
23,0,37189,Harold Varner III,4.15,166,40
26,0,35450,Patrick Cantlay,4.18,167,40
26,0,29725,Tony Finau,4.18,167,40
26,-9,32839,Hideki Matsuyama,4.18,167,40
26,0,33293,Thomas Pieters,4.18,167,40
26,0,22405,Justin Rose,4.18,167,40
26,0,51634,Sahith Theegala,4.18,167,40
32,0,45526,Abraham Ancer,4.20,168,40
32,0,47504,Sam Burns,4.20,168,40
32,0,30911,Tommy Fleetwood,4.20,168,40
32,0,46402,Talor Gooch,4.20,168,40
32,0,34363,Tyrrell Hatton,4.20,168,40
32,0,39971,Sungjae Im,4.20,168,40
32,0,24024,Zach Johnson,4.20,168,40
32,-8,37455,Si Woo Kim,4.20,168,40
32,0,49947,Taylor Moore,4.20,168,40
32,0,47529,Mito Pereira,4.20,168,40
32,0,48081,Xander Schauffele,4.20,168,40
43,0,34099,Harris English,4.23,169,40
43,0,49771,J.T. Poston,4.23,169,40
45,0,39977,Max Homa,4.25,170,40
46,0,35506,Mackenzie Hughes,4.28,171,40
46,0,26331,Charl Schwartzel,4.28,171,40
48,-31,49960,Sepp Straka,4.30,172,40
49,0,28252,Seamus Power,4.33,173,40
50,0,01226,Fred Couples,4.38,175,40
50,0,29420,Billy Horschel,4.38,175,40
50,0,30925,Dustin Johnson,4.38,175,40
50,0,39546,Keith Mitchell,4.38,175,40