RANK,MOVEMENT,PLAYER_ID,PLAYER,AVG,TOTAL STROKES,TOTAL HOLES
1,46,27129,Luke List,3.85,154,40
2,0,48081,Xander Schauffele,3.88,155,40
3,22,46717,Viktor Hovland,3.90,156,40
4,11,46046,Scottie Scheffler,3.93,157,40
5,0,47993,Denny McCarthy,3.95,158,40
6,0,24502,Adam Scott,3.98,159,40
6,0,34046,Jordan Spieth,3.98,159,40
6,2,55893,Sam Stevens,3.98,159,40
9,0,34363,Tyrrell Hatton,4.00,160,40
9,0,39971,Sungjae Im,4.00,160,40
9,0,46970,Jon Rahm,4.00,160,40
12,3,37455,Si Woo Kim,4.03,161,40
12,28,36326,David Lipsky,4.03,161,40
12,0,55789,Taylor Montgomery,4.03,161,40
12,46,34256,Andrew Putnam,4.03,161,40
16,24,33948,Byeong Hun An,4.05,162,40
16,55,35461,Beau Hossler,4.05,162,40
16,0,32839,Hideki Matsuyama,4.05,162,40
16,0,28237,Rory McIlroy,4.05,162,40
16,0,37275,Sam Ryder,4.05,162,40
16,-1,50493,Justin Suh,4.05,162,40
16,0,48887,Matt Wallace,4.05,162,40
23,0,51766,Wyndham Clark,4.08,163,40
23,0,40098,Matt Fitzpatrick,4.08,163,40
23,-8,29936,Ryan Fox,4.08,163,40
26,0,59652,Sam Bennett,4.10,164,40
26,0,34255,Joseph Bramlett,4.10,164,40
26,6,57362,Austin Eckroat,4.10,164,40
26,-23,34098,Russell Henley,4.10,164,40
26,6,54628,Lee Hodges,4.10,164,40
26,-11,36801,Mark Hubbard,4.10,164,40
26,-1,27349,Alex Noren,4.10,164,40
26,0,49771,J.T. Poston,4.10,164,40
26,0,27649,Brandt Snedeker,4.10,164,40
26,21,39324,J.J. Spaun,4.10,164,40
26,-11,49960,Sepp Straka,4.10,164,40
37,0,35450,Patrick Cantlay,4.13,165,40
37,-26,33653,Thomas Detry,4.13,165,40
37,0,54421,Garrick Higgo,4.13,165,40
37,0,33204,Shane Lowry,4.13,165,40
37,0,28252,Seamus Power,4.13,165,40
37,0,47995,Davis Riley,4.13,165,40
43,-3,45522,Christiaan Bezuidenhout,4.15,166,40
43,-3,23983,Luke Donald,4.15,166,40
43,-11,34099,Harris English,4.15,166,40
43,0,50188,S.H. Kim,4.15,166,40
43,0,39546,Keith Mitchell,4.15,166,40
43,-35,47347,Adam Schenk,4.15,166,40
49,0,47591,Eric Cole,4.18,167,40
49,19,36799,Stephan Jaeger,4.18,167,40
49,0,31323,Gary Woodland,4.18,167,40
52,0,33141,Keegan Bradley,4.20,168,40
52,-37,32102,Rickie Fowler,4.20,168,40
52,10,26476,Chez Reavie,4.20,168,40
55,-52,31646,Emiliano Grillo,4.23,169,40
55,-8,36699,Patrick Rodgers,4.23,169,40
57,0,40250,Taylor Pendrith,4.25,170,40
57,0,51634,Sahith Theegala,4.25,170,40
59,0,20229,Stewart Cink,4.28,171,40
59,0,32139,Danny Willett,4.28,171,40
61,-59,47504,Sam Burns,4.30,172,40
61,0,58168,Davis Thompson,4.30,172,40
63,0,35310,Lanto Griffin,4.33,173,40
64,-6,35532,Tom Hoge,4.38,175,40
65,0,23108,Matt Kuchar,4.43,177,40