RANK,MOVEMENT,PLAYER_ID,PLAYER,AVG,TOTAL STROKES,TOTAL HOLES
1,25,34363,Tyrrell Hatton,3.83,153,40
2,39,46046,Scottie Scheffler,3.85,154,40
3,38,29725,Tony Finau,3.88,155,40
3,-1,46717,Viktor Hovland,3.88,155,40
3,0,36799,Stephan Jaeger,3.88,155,40
6,0,45157,Cam Davis,3.90,156,40
6,14,28089,Jason Day,3.90,156,40
6,0,47993,Denny McCarthy,3.90,156,40
9,37,29936,Ryan Fox,3.93,157,40
9,0,37378,Min Woo Lee,3.93,157,40
9,0,47983,Chad Ramey,3.93,157,40
9,0,22405,Justin Rose,3.93,157,40
9,0,54783,Dylan Wu,3.93,157,40
14,0,25900,Lucas Glover,3.95,158,40
14,18,55789,Taylor Montgomery,3.95,158,40
14,32,50493,Justin Suh,3.95,158,40
14,32,30927,Brendon Todd,3.95,158,40
18,8,39977,Max Homa,3.98,159,40
18,0,34610,Matthias Schwab,3.98,159,40
20,0,45522,Christiaan Bezuidenhout,4.00,160,40
20,6,39971,Sungjae Im,4.00,160,40
20,0,08075,Jerry Kelly,4.00,160,40
20,48,34409,David Lingmerth,4.00,160,40
20,0,50525,Collin Morikawa,4.00,160,40
20,6,40115,Adam Svensson,4.00,160,40
26,6,51766,Wyndham Clark,4.03,161,40
26,30,32102,Rickie Fowler,4.03,161,40
26,-21,54591,Ben Griffin,4.03,161,40
26,35,34098,Russell Henley,4.03,161,40
26,-18,55182,Tom Kim,4.03,161,40
26,20,49947,Taylor Moore,4.03,161,40
26,20,46414,Aaron Rai,4.03,161,40
26,-21,34046,Jordan Spieth,4.03,161,40
26,-6,33448,Justin Thomas,4.03,161,40
26,6,32139,Danny Willett,4.03,161,40
36,0,33399,Adam Hadwin,4.05,162,40
36,0,37275,Sam Ryder,4.05,162,40
36,0,46340,Alex Smalley,4.05,162,40
39,0,33948,Byeong Hun An,4.08,163,40
39,-7,22371,Aaron Baddeley,4.08,163,40
39,-28,35450,Patrick Cantlay,4.08,163,40
39,0,34076,Joel Dahmen,4.08,163,40
39,0,45609,Tyler Duncan,4.08,163,40
39,0,34563,Chesson Hadley,4.08,163,40
39,0,27644,Brian Harman,4.08,163,40
39,0,36801,Mark Hubbard,4.08,163,40
39,7,37455,Si Woo Kim,4.08,163,40
39,2,33204,Shane Lowry,4.08,163,40
39,0,33413,Ben Martin,4.08,163,40
39,-28,25198,Francesco Molinari,4.08,163,40
39,0,49960,Sepp Straka,4.08,163,40
39,0,31323,Gary Woodland,4.08,163,40
53,0,47591,Eric Cole,4.10,164,40
53,15,30911,Tommy Fleetwood,4.10,164,40
53,0,49298,Kramer Hickok,4.10,164,40
53,0,35532,Tom Hoge,4.10,164,40
53,0,46442,Maverick McNealy,4.10,164,40
53,-45,39546,Keith Mitchell,4.10,164,40
53,0,52374,Brandon Wu,4.10,164,40
60,0,47504,Sam Burns,4.13,165,40
60,0,32839,Hideki Matsuyama,4.13,165,40
60,-52,48081,Xander Schauffele,4.13,165,40
60,0,50095,Austin Smotherman,4.13,165,40
60,-49,51634,Sahith Theegala,4.13,165,40
60,-49,57366,Cameron Young,4.13,165,40
66,-10,56762,Will Gordon,4.15,166,40
66,0,54421,Garrick Higgo,4.15,166,40
66,-46,24502,Adam Scott,4.15,166,40
69,0,28775,Nate Lashley,4.20,168,40
69,0,30692,Scott Stallings,4.20,168,40
71,0,29478,Kevin Kisner,4.23,169,40
71,0,40250,Taylor Pendrith,4.23,169,40
71,-25,58168,Davis Thompson,4.23,169,40
74,-42,47483,Will Zalatoris,4.25,170,40
75,0,32757,Patton Kizzire,4.30,172,40