RANK,MOVEMENT,PLAYER_ID,PLAYER,AVG,TOTAL STROKES,TOTAL HOLES
1,0,48117,Kurt Kitayama,3.93,157,40
2,0,34099,Harris English,3.95,158,40
2,0,46717,Viktor Hovland,3.95,158,40
2,37,47995,Davis Riley,3.95,158,40
5,50,54591,Ben Griffin,3.98,159,40
5,0,28237,Rory McIlroy,3.98,159,40
5,0,34046,Jordan Spieth,3.98,159,40
8,0,55182,Tom Kim,4.00,160,40
8,0,39546,Keith Mitchell,4.00,160,40
8,0,48081,Xander Schauffele,4.00,160,40
11,0,35450,Patrick Cantlay,4.03,161,40
11,0,33653,Thomas Detry,4.03,161,40
11,0,40098,Matt Fitzpatrick,4.03,161,40
11,44,50188,S.H. Kim,4.03,161,40
11,-10,30926,Chris Kirk,4.03,161,40
11,0,25198,Francesco Molinari,4.03,161,40
11,0,51890,Greyson Sigg,4.03,161,40
11,0,51634,Sahith Theegala,4.03,161,40
11,0,57366,Cameron Young,4.03,161,40
20,35,59836,Pierceson Coody,4.05,162,40
20,0,28089,Jason Day,4.05,162,40
20,0,31646,Emiliano Grillo,4.05,162,40
20,0,46601,Trey Mullinax,4.05,162,40
20,0,24502,Adam Scott,4.05,162,40
20,0,33448,Justin Thomas,4.05,162,40
26,0,34363,Tyrrell Hatton,4.08,163,40
26,0,39977,Max Homa,4.08,163,40
26,13,39971,Sungjae Im,4.08,163,40
26,0,32791,K.H. Lee,4.08,163,40
26,29,47347,Adam Schenk,4.08,163,40
26,23,40115,Adam Svensson,4.08,163,40
32,0,52955,Ludvig Åberg,4.10,164,40
32,0,22371,Aaron Baddeley,4.10,164,40
32,0,51766,Wyndham Clark,4.10,164,40
32,0,39997,Corey Conners,4.10,164,40
32,0,55789,Taylor Montgomery,4.10,164,40
32,0,36871,Matt NeSmith,4.10,164,40
32,23,29221,Webb Simpson,4.10,164,40
32,17,32139,Danny Willett,4.10,164,40
32,0,47483,Will Zalatoris,4.10,164,40
41,0,33141,Keegan Bradley,4.13,165,40
41,0,29725,Tony Finau,4.13,165,40
41,-23,33204,Shane Lowry,4.13,165,40
41,0,27349,Alex Noren,4.13,165,40
41,0,46046,Scottie Scheffler,4.13,165,40
46,0,29936,Ryan Fox,4.15,166,40
46,0,47987,Cole Hammer,4.15,166,40
46,0,37455,Si Woo Kim,4.15,166,40
46,0,27936,Martin Laird,4.15,166,40
46,0,49947,Taylor Moore,4.15,166,40
46,0,34256,Andrew Putnam,4.15,166,40
46,0,46414,Aaron Rai,4.15,166,40
46,-37,50493,Justin Suh,4.15,166,40
46,0,58168,Davis Thompson,4.15,166,40
46,0,30927,Brendon Todd,4.15,166,40
56,0,32102,Rickie Fowler,4.18,167,40
56,-7,56762,Will Gordon,4.18,167,40
56,-1,20766,Padraig Harrington,4.18,167,40
56,0,23320,Ryan Palmer,4.18,167,40
56,0,28252,Seamus Power,4.18,167,40
61,0,23983,Luke Donald,4.20,168,40
61,0,34098,Russell Henley,4.20,168,40
61,0,35506,Mackenzie Hughes,4.20,168,40
61,0,59871,Greg Koch,4.20,168,40
61,-34,46441,Robby Shelton,4.20,168,40
61,-48,48119,Ben Taylor,4.20,168,40
61,0,52411,Kyle Westmoreland,4.20,168,40
68,0,30911,Tommy Fleetwood,4.25,170,40
68,-59,24024,Zach Johnson,4.25,170,40
68,-50,34409,David Lingmerth,4.25,170,40
68,0,36326,David Lipsky,4.25,170,40
68,0,46970,Jon Rahm,4.25,170,40