RANK,MOVEMENT,PLAYER_ID,PLAYER,AVG,TOTAL STROKES,TOTAL HOLES
1,4,34046,Jordan Spieth,3.75,165,44
2,0,55708,Hayden Buckley,3.80,167,44
2,24,35450,Patrick Cantlay,3.80,167,44
2,30,49947,Taylor Moore,3.80,167,44
2,0,36699,Patrick Rodgers,3.80,167,44
6,6,34098,Russell Henley,3.82,168,44
6,26,48081,Xander Schauffele,3.82,168,44
6,13,24502,Adam Scott,3.82,168,44
9,0,45522,Christiaan Bezuidenhout,3.84,169,44
9,0,36801,Mark Hubbard,3.84,169,44
9,14,30926,Chris Kirk,3.84,169,44
9,0,26476,Chez Reavie,3.84,169,44
9,0,25493,Nick Taylor,3.84,169,44
9,17,51634,Sahith Theegala,3.84,169,44
15,-8,40098,Matt Fitzpatrick,3.86,170,44
15,17,30911,Tommy Fleetwood,3.86,170,44
15,0,31646,Emiliano Grillo,3.86,170,44
15,0,27644,Brian Harman,3.86,170,44
15,-14,46970,Jon Rahm,3.86,170,44
15,11,22405,Justin Rose,3.86,170,44
21,11,34363,Tyrrell Hatton,3.89,171,44
21,0,54628,Lee Hodges,3.89,171,44
21,11,39971,Sungjae Im,3.89,171,44
21,-6,31323,Gary Woodland,3.89,171,44
25,7,47504,Sam Burns,3.91,172,44
25,1,29725,Tony Finau,3.91,172,44
25,0,23108,Matt Kuchar,3.91,172,44
25,0,47993,Denny McCarthy,3.91,172,44
25,0,52513,Carson Young,3.91,172,44
30,0,51766,Wyndham Clark,3.93,173,44
30,0,39997,Corey Conners,3.93,173,44
30,0,46414,Aaron Rai,3.93,173,44
30,-15,46046,Scottie Scheffler,3.93,173,44
34,-17,33141,Keegan Bradley,3.95,174,44
34,0,45157,Cam Davis,3.95,174,44
34,0,32102,Rickie Fowler,3.95,174,44
34,0,54591,Ben Griffin,3.95,174,44
34,0,32757,Patton Kizzire,3.95,174,44
34,0,47347,Adam Schenk,3.95,174,44
34,0,25632,Jimmy Walker,3.95,174,44
34,0,32139,Danny Willett,3.95,174,44
34,-31,57366,Cameron Young,3.95,174,44
43,0,54421,Garrick Higgo,3.98,175,44
43,0,35461,Beau Hossler,3.98,175,44
43,-11,24024,Zach Johnson,3.98,175,44
43,-24,50525,Collin Morikawa,3.98,175,44
43,0,50095,Austin Smotherman,3.98,175,44
43,0,33448,Justin Thomas,3.98,175,44
43,0,30927,Brendon Todd,3.98,175,44
50,-7,34099,Harris English,4.00,176,44
50,0,39058,Lucas Herbert,4.00,176,44
50,-33,32791,K.H. Lee,4.00,176,44
50,0,33413,Ben Martin,4.00,176,44
50,0,27214,Kevin Streelman,4.00,176,44
50,0,58168,Davis Thompson,4.00,176,44
50,0,32150,Michael Thompson,4.00,176,44
57,0,23983,Luke Donald,4.02,177,44
57,0,49298,Kramer Hickok,4.02,177,44
57,-50,46717,Viktor Hovland,4.02,177,44
57,-50,33204,Shane Lowry,4.02,177,44
57,0,40115,Adam Svensson,4.02,177,44
62,0,32448,James Hahn,4.05,178,44
62,0,28775,Nate Lashley,4.05,178,44
62,0,51950,Max McGreevy,4.05,178,44
62,0,36871,Matt NeSmith,4.05,178,44
62,-59,30692,Scott Stallings,4.05,178,44
67,0,06522,Ernie Els,4.07,179,44
67,0,31557,Jim Herman,4.07,179,44
67,0,40162,Justin Lower,4.07,179,44
67,0,34256,Andrew Putnam,4.07,179,44
71,0,52375,Doug Ghim,4.09,180,44
72,0,50493,Justin Suh,4.11,181,44
73,0,35449,Adam Long,4.14,182,44