RANK,MOVEMENT,PLAYER_ID,PLAYER,AVG,TOTAL STROKES,TOTAL HOLES
1,10,46717,Viktor Hovland,3.73,179,48
2,13,39977,Max Homa,3.77,181,48
3,41,46046,Scottie Scheffler,3.79,182,48
4,30,27644,Brian Harman,3.83,184,48
5,-2,34098,Russell Henley,3.88,186,48
5,51,47993,Denny McCarthy,3.88,186,48
7,8,39997,Corey Conners,3.90,187,48
7,55,34099,Harris English,3.90,187,48
7,-4,39971,Sungjae Im,3.90,187,48
7,-4,28237,Rory McIlroy,3.90,187,48
11,4,55182,Tom Kim,3.92,188,48
11,14,34256,Andrew Putnam,3.92,188,48
11,0,51634,Sahith Theegala,3.92,188,48
11,23,57366,Cameron Young,3.92,188,48
15,55,40098,Matt Fitzpatrick,3.94,189,48
15,10,48081,Xander Schauffele,3.94,189,48
17,-16,35450,Patrick Cantlay,3.96,190,48
17,8,22405,Justin Rose,3.96,190,48
19,25,47504,Sam Burns,3.98,191,48
19,25,47591,Eric Cole,3.98,191,48
19,32,29725,Tony Finau,3.98,191,48
19,6,34363,Tyrrell Hatton,3.98,191,48
19,-12,30926,Chris Kirk,3.98,191,48
19,48,36699,Patrick Rodgers,3.98,191,48
25,37,51766,Wyndham Clark,4.00,192,48
26,-19,45157,Cam Davis,4.02,193,48
26,-15,30911,Tommy Fleetwood,4.02,193,48
26,18,32102,Rickie Fowler,4.02,193,48
26,-11,46970,Jon Rahm,4.02,193,48
26,-11,47347,Adam Schenk,4.02,193,48
26,18,30927,Brendon Todd,4.02,193,48
32,-31,25900,Lucas Glover,4.04,194,48
32,-7,35532,Tom Hoge,4.04,194,48
34,-27,33399,Adam Hadwin,4.06,195,48
34,-19,37455,Si Woo Kim,4.06,195,48
34,-31,50525,Collin Morikawa,4.06,195,48
34,0,34046,Jordan Spieth,4.06,195,48
34,-19,40115,Adam Svensson,4.06,195,48
39,-28,33948,Byeong Hun An,4.08,196,48
39,5,33141,Keegan Bradley,4.08,196,48
39,-24,31646,Emiliano Grillo,4.08,196,48
39,17,48117,Kurt Kitayama,4.08,196,48
43,1,49771,J.T. Poston,4.10,197,48
44,12,28089,Jason Day,4.13,198,48
44,18,49960,Sepp Straka,4.13,198,48
46,5,54628,Lee Hodges,4.15,199,48
47,-22,25493,Nick Taylor,4.17,200,48
48,-8,28252,Seamus Power,4.19,201,48
49,-24,49947,Taylor Moore,4.27,205,48