RANK,MOVEMENT,PLAYER_ID,PLAYER,AVG,TOTAL STROKES,TOTAL HOLES
1,19,34466,Peter Malnati,3.79,148,39
2,41,40250,Taylor Pendrith,3.82,149,39
2,0,52374,Brandon Wu,3.82,149,39
4,0,39546,Keith Mitchell,3.85,150,39
4,21,49947,Taylor Moore,3.85,150,39
6,19,39975,Michael Kim,3.87,151,39
6,58,32816,Satoshi Kodaira,3.87,151,39
6,27,45242,Kevin Yu,3.87,151,39
9,0,47993,Denny McCarthy,3.90,152,39
9,0,47128,Richy Werenski,3.90,152,39
9,0,52411,Kyle Westmoreland,3.90,152,39
12,0,27974,Sung Kang,3.92,153,39
12,0,26596,Ryan Moore,3.92,153,39
14,-10,34255,Joseph Bramlett,3.95,154,39
14,38,51414,Brent Grant,3.95,154,39
14,0,33122,Russell Knox,3.95,154,39
14,29,29289,S.Y. Noh,3.95,154,39
14,58,51997,Andrew Novak,3.95,154,39
14,6,22405,Justin Rose,3.95,154,39
14,27,48699,Callum Tarren,3.95,154,39
14,0,25493,Nick Taylor,3.95,154,39
22,34,33948,Byeong Hun An,3.97,155,39
22,0,47591,Eric Cole,3.97,155,39
22,0,34076,Joel Dahmen,3.97,155,39
22,0,46717,Viktor Hovland,3.97,155,39
22,0,30692,Scott Stallings,3.97,155,39
22,0,30927,Brendon Todd,3.97,155,39
28,0,27895,Jonas Blixt,4.00,156,39
28,0,39067,MJ Daffue,4.00,156,39
28,5,54421,Garrick Higgo,4.00,156,39
28,0,35532,Tom Hoge,4.00,156,39
28,0,29478,Kevin Kisner,4.00,156,39
28,0,28252,Seamus Power,4.00,156,39
28,5,47347,Adam Schenk,4.00,156,39
28,28,46441,Robby Shelton,4.00,156,39
36,0,33408,Tyson Alexander,4.03,157,39
36,0,22371,Aaron Baddeley,4.03,157,39
36,-3,33974,Dean Burmester,4.03,157,39
36,0,57975,Harry Hall,4.03,157,39
36,5,33597,Harry Higgs,4.03,157,39
36,0,36801,Mark Hubbard,4.03,157,39
36,-29,50188,S.H. Kim,4.03,157,39
36,0,48117,Kurt Kitayama,4.03,157,39
36,0,49766,Hank Lebioda,4.03,157,39
36,16,35449,Adam Long,4.03,157,39
36,0,36871,Matt NeSmith,4.03,157,39
36,0,24140,Sean O'Hair,4.03,157,39
36,0,53165,Doc Redman,4.03,157,39
36,0,35617,Martin Trainer,4.03,157,39
50,-35,33653,Thomas Detry,4.05,158,39
50,0,39954,Cody Gribble,4.05,158,39
50,0,12716,Charley Hoffman,4.05,158,39
50,0,35461,Beau Hossler,4.05,158,39
50,0,33413,Ben Martin,4.05,158,39
50,-25,46340,Alex Smalley,4.05,158,39
50,0,34046,Jordan Spieth,4.05,158,39
50,0,31560,Brian Stuard,4.05,158,39
50,0,54783,Dylan Wu,4.05,158,39
59,10,31577,Tano Goya,4.08,159,39
59,0,22046,Geoff Ogilvy,4.08,159,39
59,0,51890,Greyson Sigg,4.08,159,39
59,0,32139,Danny Willett,4.08,159,39
63,0,19803,Ryan Armour,4.10,160,39
63,0,28679,Fabián Gómez,4.10,160,39
63,1,35901,Paul Haley II,4.10,160,39
63,-7,27214,Kevin Streelman,4.10,160,39
63,-7,58967,Trevor Werbylo,4.10,160,39
68,-25,35310,Lanto Griffin,4.13,161,39
68,-43,47988,Nick Hardy,4.13,161,39
70,0,47983,Chad Ramey,4.15,162,39
70,-58,55893,Sam Stevens,4.15,162,39
72,0,34409,David Lingmerth,4.18,163,39
72,0,52575,Paul O'Hara,4.18,163,39
74,0,20593,Greg Chalmers,4.21,164,39
74,-54,36724,Augusto Núñez,4.21,164,39