RANK,MOVEMENT,PLAYER_ID,PLAYER,AVG,TOTAL STROKES,TOTAL HOLES
1,17,30911,Tommy Fleetwood,3.89,171,44
2,69,55955,Matthew Jordan,3.91,172,44
3,50,27644,Brian Harman,3.93,173,44
4,7,55182,Tom Kim,3.95,174,44
5,0,35450,Patrick Cantlay,3.98,175,44
5,37,33653,Thomas Detry,3.98,175,44
5,-2,28237,Rory McIlroy,3.98,175,44
5,13,46646,Antoine Rozner,3.98,175,44
5,0,39113,Shubhankar Sharma,3.98,175,44
5,0,49960,Sepp Straka,3.98,175,44
11,0,45836,Richard Bland,4.00,176,44
11,0,31646,Emiliano Grillo,4.00,176,44
11,-10,34363,Tyrrell Hatton,4.00,176,44
11,31,39977,Max Homa,4.00,176,44
11,31,46717,Viktor Hovland,4.00,176,44
11,0,32839,Hideki Matsuyama,4.00,176,44
11,0,46970,Jon Rahm,4.00,176,44
11,0,24502,Adam Scott,4.00,176,44
11,7,23481,Marcel Siem,4.00,176,44
20,-4,51766,Wyndham Clark,4.02,177,44
20,0,28089,Jason Day,4.02,177,44
20,13,52453,Nicolai Hojgaard,4.02,177,44
20,33,48081,Xander Schauffele,4.02,177,44
24,0,34362,Laurie Canter,4.05,178,44
24,-6,32102,Rickie Fowler,4.05,178,44
24,0,27349,Alex Noren,4.05,178,44
24,0,35913,Michael Stewart,4.05,178,44
24,0,57366,Cameron Young,4.05,178,44
29,4,29936,Ryan Fox,4.07,179,44
29,0,34360,Patrick Reed,4.07,179,44
29,0,34046,Jordan Spieth,4.07,179,44
29,0,21528,Henrik Stenson,4.07,179,44
33,-30,33948,Byeong Hun An,4.09,180,44
33,0,47959,Bryson DeChambeau,4.09,180,44
33,0,55721,Alex Fitzpatrick,4.09,180,44
33,38,47679,Victor Perez,4.09,180,44
33,-15,49771,J.T. Poston,4.09,180,44
33,0,65374,Brandon Robinson Thompson,4.09,180,44
33,0,27506,Oliver Wilson,4.09,180,44
40,0,45522,Christiaan Bezuidenhout,4.11,181,44
40,-37,39997,Corey Conners,4.11,181,44
40,0,40098,Matt Fitzpatrick,4.11,181,44
40,0,35891,Cameron Smith,4.11,181,44
40,-27,46464,Jordan Smith,4.11,181,44
40,0,30692,Scott Stallings,4.11,181,44
46,0,45526,Abraham Ancer,4.14,182,44
46,0,20229,Stewart Cink,4.14,182,44
46,-13,37250,Romain Langasque,4.14,182,44
46,0,33674,Adrian Meronk,4.14,182,44
46,14,34256,Andrew Putnam,4.14,182,44
46,-4,29531,Richie Ramsay,4.14,182,44
46,0,30927,Brendon Todd,4.14,182,44
53,0,34310,Alexander Björk,4.16,183,44
53,0,47056,Rikuya Hoshino,4.16,183,44
53,0,39971,Sungjae Im,4.16,183,44
53,0,24024,Zach Johnson,4.16,183,44
53,-37,37378,Min Woo Lee,4.16,183,44
53,-42,46046,Scottie Scheffler,4.16,183,44
59,-58,34409,David Lingmerth,4.18,184,44
59,0,55509,Hurly Long,4.18,184,44
59,1,39834,Guido Migliozzi,4.18,184,44
59,0,35174,Matthew Southgate,4.18,184,44
59,6,52666,Sami Valimaki,4.18,184,44
59,0,32139,Danny Willett,4.18,184,44
59,-46,31323,Gary Woodland,4.18,184,44
66,0,36689,Brooks Koepka,4.20,185,44
66,0,34575,Adrian Otaegui,4.20,185,44
68,-55,48117,Kurt Kitayama,4.23,186,44
68,-3,28300,Joost Luiten,4.23,186,44
70,-10,20766,Padraig Harrington,4.25,187,44
70,0,54422,Christo Lamprecht,4.25,187,44
70,0,45523,Thriston Lawrence,4.25,187,44
73,0,39412,Zack Fischer,4.27,188,44
73,-70,52215,Robert MacIntyre,4.27,188,44
73,0,26329,Louis Oosthuizen,4.27,188,44
76,0,33293,Thomas Pieters,4.30,189,44