RANK,MOVEMENT,PLAYER_ID,PLAYER,AVG,TOTAL STROKES,TOTAL HOLES
1,0,51766,Wyndham Clark,3.90,156,40
1,0,46046,Scottie Scheffler,3.90,156,40
3,1,28237,Rory McIlroy,3.93,157,40
4,0,46717,Viktor Hovland,3.95,158,40
4,0,37378,Min Woo Lee,3.95,158,40
4,0,32839,Hideki Matsuyama,3.95,158,40
4,0,35891,Cameron Smith,3.95,158,40
8,0,32102,Rickie Fowler,3.98,159,40
8,0,36689,Brooks Koepka,3.98,159,40
10,-7,30911,Tommy Fleetwood,4.00,160,40
10,0,34098,Russell Henley,4.00,160,40
12,0,47988,Nick Hardy,4.03,161,40
12,0,55182,Tom Kim,4.03,161,40
12,0,47993,Denny McCarthy,4.03,161,40
12,0,39546,Keith Mitchell,4.03,161,40
12,0,50525,Collin Morikawa,4.03,161,40
12,0,36699,Patrick Rodgers,4.03,161,40
12,0,48081,Xander Schauffele,4.03,161,40
19,0,34099,Harris English,4.05,162,40
19,-7,40098,Matt Fitzpatrick,4.05,162,40
19,0,21209,Sergio Garcia,4.05,162,40
19,16,54783,Dylan Wu,4.05,162,40
23,0,35450,Patrick Cantlay,4.08,163,40
23,-19,33399,Adam Hadwin,4.08,163,40
23,0,27644,Brian Harman,4.08,163,40
23,-22,34363,Tyrrell Hatton,4.08,163,40
23,0,37250,Romain Langasque,4.08,163,40
23,0,45486,Joaquin Niemann,4.08,163,40
23,21,51634,Sahith Theegala,4.08,163,40
30,0,57362,Austin Eckroat,4.10,164,40
30,0,12716,Charley Hoffman,4.10,164,40
30,0,29420,Billy Horschel,4.10,164,40
30,0,35506,Mackenzie Hughes,4.10,164,40
30,30,33204,Shane Lowry,4.10,164,40
30,0,48822,Sebastián Muñoz,4.10,164,40
30,0,34256,Andrew Putnam,4.10,164,40
30,0,46970,Jon Rahm,4.10,164,40
30,0,27214,Kevin Streelman,4.10,164,40
39,0,30925,Dustin Johnson,4.13,165,40
39,0,61193,David Puig,4.13,165,40
41,0,45526,Abraham Ancer,4.15,166,40
41,0,47959,Bryson DeChambeau,4.15,166,40
41,0,48632,Yuto Katsuragawa,4.15,166,40
41,0,46464,Jordan Smith,4.15,166,40
45,-35,59652,Sam Bennett,4.18,167,40
45,0,47504,Sam Burns,4.18,167,40
45,0,29725,Tony Finau,4.18,167,40
45,-21,59018,Ryan Gerard,4.18,167,40
45,0,55893,Sam Stevens,4.18,167,40
45,0,50493,Justin Suh,4.18,167,40
45,0,31323,Gary Woodland,4.18,167,40
45,6,57366,Cameron Young,4.18,167,40
53,0,29936,Ryan Fox,4.20,168,40
53,0,37455,Si Woo Kim,4.20,168,40
53,0,34360,Patrick Reed,4.20,168,40
53,0,58669,Jacob Solomon,4.20,168,40
57,0,60006,Ben Carr,4.23,169,40
57,0,20766,Padraig Harrington,4.23,169,40
57,0,57860,Maxwell Moldovan,4.23,169,40
57,0,28521,Ryutaro Nagano,4.23,169,40
57,0,64442,Gordon Sargent,4.23,169,40
62,-58,47591,Eric Cole,4.25,170,40
62,0,40115,Adam Svensson,4.25,170,40
64,0,63343,Aldrich Potgieter,4.30,172,40
65,0,30852,Ryo Ishikawa,4.38,175,40