RANK,MOVEMENT,PLAYER_ID,PLAYER,AVG,TOTAL STROKES,TOTAL HOLES
1,0,36689,Brooks Koepka,3.88,186,48
2,4,46046,Scottie Scheffler,3.92,188,48
3,0,46717,Viktor Hovland,3.94,189,48
3,0,22405,Justin Rose,3.94,189,48
5,0,35450,Patrick Cantlay,3.96,190,48
6,0,29936,Ryan Fox,4.00,192,48
6,9,34363,Tyrrell Hatton,4.00,192,48
6,0,37378,Min Woo Lee,4.00,192,48
6,0,28237,Rory McIlroy,4.00,192,48
6,0,35891,Cameron Smith,4.00,192,48
11,0,33141,Keegan Bradley,4.02,193,48
11,0,45157,Cam Davis,4.02,193,48
11,0,47959,Bryson DeChambeau,4.02,193,48
11,0,48117,Kurt Kitayama,4.02,193,48
11,0,36699,Patrick Rodgers,4.02,193,48
11,0,48081,Xander Schauffele,4.02,193,48
11,0,49960,Sepp Straka,4.02,193,48
18,0,22764,Michael Block,4.04,194,48
18,0,30911,Tommy Fleetwood,4.04,194,48
18,0,33204,Shane Lowry,4.04,194,48
18,0,40250,Taylor Pendrith,4.04,194,48
18,0,47529,Mito Pereira,4.04,194,48
23,1,47591,Eric Cole,4.06,195,48
23,0,39997,Corey Conners,4.06,195,48
23,0,33653,Thomas Detry,4.06,195,48
23,0,39058,Lucas Herbert,4.06,195,48
23,1,32839,Hideki Matsuyama,4.06,195,48
23,-8,36871,Matt NeSmith,4.06,195,48
23,0,46340,Alex Smalley,4.06,195,48
23,0,37189,Harold Varner III,4.06,195,48
31,0,39977,Max Homa,4.08,196,48
31,0,47993,Denny McCarthy,4.08,196,48
31,0,50525,Collin Morikawa,4.08,196,48
31,0,34360,Patrick Reed,4.08,196,48
31,0,34046,Jordan Spieth,4.08,196,48
36,0,55708,Hayden Buckley,4.10,197,48
36,0,35461,Beau Hossler,4.10,197,48
36,0,30926,Chris Kirk,4.10,197,48
36,0,47679,Victor Perez,4.10,197,48
36,0,50493,Justin Suh,4.10,197,48
41,-2,33399,Adam Hadwin,4.13,198,48
41,0,54628,Lee Hodges,4.13,198,48
41,-9,35532,Tom Hoge,4.13,198,48
41,0,49771,J.T. Poston,4.13,198,48
41,0,40115,Adam Svensson,4.13,198,48
41,0,48699,Callum Tarren,4.13,198,48
41,0,51634,Sahith Theegala,4.13,198,48
48,-47,36799,Stephan Jaeger,4.15,199,48
48,0,30925,Dustin Johnson,4.15,199,48
48,0,32369,Sihwan Kim,4.15,199,48
48,0,39546,Keith Mitchell,4.15,199,48
48,0,26476,Chez Reavie,4.15,199,48
48,-44,24502,Adam Scott,4.15,199,48
54,0,33974,Dean Burmester,4.17,200,48
54,0,24024,Zach Johnson,4.17,200,48
54,0,29670,Pablo Larrazabal,4.17,200,48
54,23,32791,K.H. Lee,4.17,200,48
54,0,33674,Adrian Meronk,4.17,200,48
59,0,20766,Padraig Harrington,4.19,201,48
59,0,45523,Thriston Lawrence,4.19,201,48
59,0,46970,Jon Rahm,4.19,201,48
59,0,33448,Justin Thomas,4.19,201,48
63,0,29725,Tony Finau,4.21,202,48
63,0,47056,Rikuya Hoshino,4.21,202,48
63,0,01810,Phil Mickelson,4.21,202,48
63,0,49947,Taylor Moore,4.21,202,48
63,0,48887,Matt Wallace,4.21,202,48
68,-10,55789,Taylor Montgomery,4.23,203,48
68,0,33293,Thomas Pieters,4.23,203,48
68,0,48119,Ben Taylor,4.23,203,48
71,-3,55893,Sam Stevens,4.25,204,48
72,0,34076,Joel Dahmen,4.27,205,48
72,0,52453,Nicolai Hojgaard,4.27,205,48
72,0,36801,Mark Hubbard,4.27,205,48
75,0,48051,Yannik Paul,4.29,206,48
76,0,35778,Kazuki Higa,4.38,210,48