RANK,MOVEMENT,PLAYER_ID,PLAYER,%,# SAVES,# BUNKERS,TOTAL O/U PAR
1,0,40098,Matt Fitzpatrick,100.00,2,2,E
1,0,46402,Talor Gooch,100.00,2,2,E
1,0,34098,Russell Henley,100.00,2,2,E
1,0,33204,Shane Lowry,100.00,1,1,E
5,0,37189,Harold Varner III,87.50,7,8,+1.00
6,4,30926,Chris Kirk,83.33,5,6,E
7,0,39971,Sungjae Im,80.00,4,5,+1.00
8,0,29725,Tony Finau,71.43,5,7,+1.00
8,0,26331,Charl Schwartzel,71.43,5,7,+3.00
8,0,31323,Gary Woodland,71.43,5,7,+1.00
11,0,35450,Patrick Cantlay,66.67,2,3,E
11,0,28089,Jason Day,66.67,2,3,+1.00
11,0,34099,Harris English,66.67,4,6,+1.00
11,0,50525,Collin Morikawa,66.67,4,6,-1.00
11,0,49771,J.T. Poston,66.67,4,6,+2.00
11,0,24502,Adam Scott,66.67,4,6,-1.00
11,0,34046,Jordan Spieth,66.67,6,9,+3.00
18,0,30911,Tommy Fleetwood,62.50,5,8,E
18,24,37455,Si Woo Kim,62.50,5,8,+3.00
18,43,32839,Hideki Matsuyama,62.50,5,8,+1.00
18,0,01810,Phil Mickelson,62.50,5,8,+1.00
22,0,33141,Keegan Bradley,60.00,6,10,+4.00
22,0,01226,Fred Couples,60.00,3,5,+1.00
22,0,46970,Jon Rahm,60.00,3,5,-1.00
25,0,36689,Brooks Koepka,57.14,4,7,E
25,0,22405,Justin Rose,57.14,4,7,+2.00
25,42,49960,Sepp Straka,57.14,4,7,+1.00
28,0,45486,Joaquin Niemann,55.56,5,9,+3.00
29,0,29420,Billy Horschel,50.00,2,4,+2.00
29,0,46717,Viktor Hovland,50.00,3,6,+1.00
29,0,35506,Mackenzie Hughes,50.00,5,10,+3.00
29,0,35891,Cameron Smith,50.00,3,6,+3.00
33,0,29936,Ryan Fox,44.44,4,9,+4.00
33,0,30692,Scott Stallings,44.44,4,9,+4.00
35,0,39546,Keith Mitchell,42.86,3,7,+4.00
36,0,34363,Tyrrell Hatton,40.00,2,5,+3.00
36,0,55182,Tom Kim,40.00,2,5,+4.00
36,0,34360,Patrick Reed,40.00,4,10,+6.00
36,0,57366,Cameron Young,40.00,2,5,+4.00
40,0,39977,Max Homa,37.50,3,8,+5.00
40,0,33293,Thomas Pieters,37.50,3,8,+3.00
42,0,47504,Sam Burns,33.33,2,6,+6.00
42,0,49947,Taylor Moore,33.33,2,6,+6.00
42,0,28252,Seamus Power,33.33,2,6,+6.00
42,0,46046,Scottie Scheffler,33.33,1,3,+1.00
42,0,51634,Sahith Theegala,33.33,2,6,+4.00
47,0,47529,Mito Pereira,28.57,2,7,+2.00
48,0,45526,Abraham Ancer,25.00,1,4,+4.00
48,0,59652,Sam Bennett,25.00,1,4,+2.00
48,0,32791,K.H. Lee,25.00,1,4,+3.00
51,0,30925,Dustin Johnson,20.00,1,5,+3.00
51,0,48081,Xander Schauffele,20.00,1,5,+1.00
53,0,24024,Zach Johnson,.00,0,3,+2.00