RANK,MOVEMENT,PLAYER_ID,PLAYER,%,# SAVES,# BUNKERS,TOTAL O/U PAR
1,0,45522,Christiaan Bezuidenhout,100.00%,3,3,E
1,0,27644,Brian Harman,100.00%,1,1,E
1,0,24502,Adam Scott,100.00%,3,3,-2.00
1,0,39113,Shubhankar Sharma,100.00%,2,2,E
5,0,40098,Matt Fitzpatrick,83.33%,5,6,+5.00
6,-5,33948,Byeong Hun An,80.00%,4,5,-1.00
6,0,28089,Jason Day,80.00%,4,5,E
6,0,32839,Hideki Matsuyama,80.00%,4,5,+3.00
9,15,34409,David Lingmerth,75.00%,6,8,E
10,21,32102,Rickie Fowler,71.43%,5,7,+2.00
10,0,27349,Alex Noren,71.43%,5,7,+1.00
12,36,39997,Corey Conners,66.67%,4,6,+2.00
12,49,20766,Padraig Harrington,66.67%,2,3,+1.00
12,12,47679,Victor Perez,66.67%,4,6,+1.00
12,0,46970,Jon Rahm,66.67%,2,3,+1.00
12,0,21528,Henrik Stenson,66.67%,2,3,-1.00
17,14,37250,Romain Langasque,63.64%,7,11,+3.00
18,-17,37378,Min Woo Lee,62.50%,5,8,+3.00
19,2,28237,Rory McIlroy,60.00%,3,5,-1.00
19,42,46046,Scottie Scheffler,60.00%,3,5,-2.00
19,0,30927,Brendon Todd,60.00%,3,5,E
19,36,52666,Sami Valimaki,60.00%,3,5,+1.00
19,0,27506,Oliver Wilson,60.00%,3,5,E
24,0,34362,Laurie Canter,57.14%,4,7,+2.00
25,0,45836,Richard Bland,50.00%,2,4,+2.00
25,23,29936,Ryan Fox,50.00%,4,8,+4.00
25,36,52453,Nicolai Hojgaard,50.00%,3,6,E
25,0,39977,Max Homa,50.00%,2,4,+2.00
25,0,24024,Zach Johnson,50.00%,3,6,+4.00
25,0,33674,Adrian Meronk,50.00%,2,4,E
25,36,39834,Guido Migliozzi,50.00%,3,6,+2.00
25,0,26329,Louis Oosthuizen,50.00%,2,4,+2.00
25,0,34575,Adrian Otaegui,50.00%,3,6,+2.00
25,0,34046,Jordan Spieth,50.00%,3,6,E
25,0,49960,Sepp Straka,50.00%,2,4,+2.00
25,0,57366,Cameron Young,50.00%,2,4,+1.00
37,0,32139,Danny Willett,44.44%,4,9,+4.00
38,0,45526,Abraham Ancer,42.86%,3,7,+3.00
38,-37,31323,Gary Woodland,42.86%,3,7,+5.00
40,-9,51766,Wyndham Clark,40.00%,2,5,+3.00
40,-39,55955,Matthew Jordan,40.00%,2,5,+3.00
40,-39,52215,Robert MacIntyre,40.00%,2,5,+4.00
40,-9,46646,Antoine Rozner,40.00%,2,5,E
40,15,23481,Marcel Siem,40.00%,2,5,+2.00
40,21,46464,Jordan Smith,40.00%,2,5,+1.00
46,0,35450,Patrick Cantlay,37.50%,3,8,+4.00
46,-45,34363,Tyrrell Hatton,37.50%,3,8,+2.00
48,0,34360,Patrick Reed,36.36%,4,11,+4.00
49,-18,34310,Alexander Björk,33.33%,1,3,+3.00
49,0,20229,Stewart Cink,33.33%,1,3,+1.00
49,0,47959,Bryson DeChambeau,33.33%,3,9,+6.00
49,0,39412,Zack Fischer,33.33%,2,6,+7.00
49,-48,30911,Tommy Fleetwood,33.33%,1,3,+2.00
49,0,47056,Rikuya Hoshino,33.33%,1,3,+2.00
49,0,39971,Sungjae Im,33.33%,2,6,+1.00
49,0,54422,Christo Lamprecht,33.33%,2,6,+2.00
49,0,55509,Hurly Long,33.33%,1,3,+1.00
49,-18,49771,J.T. Poston,33.33%,2,6,+3.00
49,12,48081,Xander Schauffele,33.33%,1,3,+2.00
60,0,33293,Thomas Pieters,30.00%,3,10,+6.00
60,0,35913,Michael Stewart,30.00%,3,10,+6.00
62,0,65374,Brandon Robinson Thompson,28.57%,2,7,+4.00
63,0,31646,Emiliano Grillo,25.00%,1,4,+4.00
63,0,35891,Cameron Smith,25.00%,1,4,+3.00
63,0,30692,Scott Stallings,25.00%,2,8,+5.00
66,0,45523,Thriston Lawrence,22.22%,2,9,+9.00
67,0,36689,Brooks Koepka,20.00%,1,5,+3.00
67,-66,28300,Joost Luiten,20.00%,1,5,+2.00
69,-8,29531,Richie Ramsay,14.29%,1,7,+8.00
70,-39,33653,Thomas Detry,0.00%,0,2,+3.00
70,0,55721,Alex Fitzpatrick,0.00%,0,3,+5.00
70,-9,46717,Viktor Hovland,0.00%,0,1,+2.00
70,-22,55182,Tom Kim,0.00%,0,3,+2.00
70,-50,48117,Kurt Kitayama,0.00%,0,3,+2.00
70,-69,34256,Andrew Putnam,0.00%,0,3,+4.00