RANK,MOVEMENT,PLAYER_ID,PLAYER,AVG,TOTAL STROKES,TOTAL HOLES
1,0,35461,Beau Hossler,4.25,68,16
1,0,30927,Brendon Todd,4.25,68,16
3,69,34255,Joseph Bramlett,4.31,69,16
3,0,33413,Ben Martin,4.31,69,16
5,0,26596,Ryan Moore,4.38,70,16
5,21,22405,Justin Rose,4.38,70,16
7,19,54421,Garrick Higgo,4.44,71,16
7,0,46717,Viktor Hovland,4.44,71,16
7,0,54783,Dylan Wu,4.44,71,16
10,0,36801,Mark Hubbard,4.50,72,16
10,0,49766,Hank Lebioda,4.50,72,16
10,0,34409,David Lingmerth,4.50,72,16
10,57,36724,Augusto Núñez,4.50,72,16
10,0,35617,Martin Trainer,4.50,72,16
10,0,32139,Danny Willett,4.50,72,16
16,32,31577,Tano Goya,4.56,73,16
16,10,35310,Lanto Griffin,4.56,73,16
16,19,47988,Nick Hardy,4.56,73,16
16,0,27974,Sung Kang,4.56,73,16
16,0,39546,Keith Mitchell,4.56,73,16
16,32,51997,Andrew Novak,4.56,73,16
16,42,46441,Robby Shelton,4.56,73,16
16,0,51890,Greyson Sigg,4.56,73,16
16,-8,55893,Sam Stevens,4.56,73,16
16,0,25493,Nick Taylor,4.56,73,16
16,0,52374,Brandon Wu,4.56,73,16
16,42,45242,Kevin Yu,4.56,73,16
28,0,22371,Aaron Baddeley,4.63,74,16
28,0,27895,Jonas Blixt,4.63,74,16
28,0,57975,Harry Hall,4.63,74,16
28,-2,32816,Satoshi Kodaira,4.63,74,16
28,20,35449,Adam Long,4.63,74,16
28,0,47993,Denny McCarthy,4.63,74,16
28,-14,49947,Taylor Moore,4.63,74,16
28,0,52575,Paul O'Hara,4.63,74,16
28,20,40250,Taylor Pendrith,4.63,74,16
28,0,28252,Seamus Power,4.63,74,16
28,-14,47347,Adam Schenk,4.63,74,16
28,0,30692,Scott Stallings,4.63,74,16
28,-14,27214,Kevin Streelman,4.63,74,16
28,0,52411,Kyle Westmoreland,4.63,74,16
42,-7,33948,Byeong Hun An,4.69,75,16
42,0,19803,Ryan Armour,4.69,75,16
42,0,20593,Greg Chalmers,4.69,75,16
42,-28,51414,Brent Grant,4.69,75,16
42,-16,35901,Paul Haley II,4.69,75,16
42,6,39975,Michael Kim,4.69,75,16
42,0,48117,Kurt Kitayama,4.69,75,16
42,0,33122,Russell Knox,4.69,75,16
42,-7,46340,Alex Smalley,4.69,75,16
42,0,34046,Jordan Spieth,4.69,75,16
52,15,33974,Dean Burmester,4.75,76,16
52,0,47591,Eric Cole,4.75,76,16
52,0,39067,MJ Daffue,4.75,76,16
52,0,34076,Joel Dahmen,4.75,76,16
52,15,33653,Thomas Detry,4.75,76,16
52,0,28679,Fabián Gómez,4.75,76,16
52,0,12716,Charley Hoffman,4.75,76,16
52,0,29478,Kevin Kisner,4.75,76,16
52,-38,34466,Peter Malnati,4.75,76,16
52,0,22046,Geoff Ogilvy,4.75,76,16
52,0,47128,Richy Werenski,4.75,76,16
63,-49,33597,Harry Higgs,4.81,77,16
63,-5,50188,S.H. Kim,4.81,77,16
63,0,24140,Sean O'Hair,4.81,77,16
63,0,47983,Chad Ramey,4.81,77,16
63,0,31560,Brian Stuard,4.81,77,16
68,0,33408,Tyson Alexander,4.88,78,16
68,0,35532,Tom Hoge,4.88,78,16
68,0,36871,Matt NeSmith,4.88,78,16
68,-42,58967,Trevor Werbylo,4.88,78,16
72,0,39954,Cody Gribble,4.94,79,16
72,0,53165,Doc Redman,4.94,79,16
74,-39,29289,S.Y. Noh,5.13,82,16
75,-27,48699,Callum Tarren,5.25,84,16