RANK,MOVEMENT,PLAYER_ID,PLAYER,AVG,TOTAL STROKES,TOTAL HOLES
1,0,26329,Louis Oosthuizen,4.25,51,12
2,0,55721,Alex Fitzpatrick,4.33,52,12
2,0,24024,Zach Johnson,4.33,52,12
2,16,46046,Scottie Scheffler,4.33,52,12
5,13,33948,Byeong Hun An,4.42,53,12
5,0,28089,Jason Day,4.42,53,12
5,22,46717,Viktor Hovland,4.42,53,12
5,0,39971,Sungjae Im,4.42,53,12
5,35,37250,Romain Langasque,4.42,53,12
5,22,37378,Min Woo Lee,4.42,53,12
5,0,35174,Matthew Southgate,4.42,53,12
12,0,20229,Stewart Cink,4.50,54,12
12,28,51766,Wyndham Clark,4.50,54,12
12,0,31646,Emiliano Grillo,4.50,54,12
12,28,27644,Brian Harman,4.50,54,12
12,65,55955,Matthew Jordan,4.50,54,12
12,0,55509,Hurly Long,4.50,54,12
12,-4,52215,Robert MacIntyre,4.50,54,12
12,0,39113,Shubhankar Sharma,4.50,54,12
12,0,30927,Brendon Todd,4.50,54,12
12,59,31323,Gary Woodland,4.50,54,12
12,0,57366,Cameron Young,4.50,54,12
23,36,33653,Thomas Detry,4.58,55,12
23,0,40098,Matt Fitzpatrick,4.58,55,12
23,4,30911,Tommy Fleetwood,4.58,55,12
23,0,33293,Thomas Pieters,4.58,55,12
23,0,46970,Jon Rahm,4.58,55,12
23,36,46646,Antoine Rozner,4.58,55,12
23,17,46464,Jordan Smith,4.58,55,12
30,0,47959,Bryson DeChambeau,4.67,56,12
30,10,20766,Padraig Harrington,4.67,56,12
30,10,39977,Max Homa,4.67,56,12
30,-22,55182,Tom Kim,4.67,56,12
30,41,48117,Kurt Kitayama,4.67,56,12
30,-3,34409,David Lingmerth,4.67,56,12
30,-28,28237,Rory McIlroy,4.67,56,12
30,0,27349,Alex Noren,4.67,56,12
30,0,35891,Cameron Smith,4.67,56,12
30,37,52666,Sami Valimaki,4.67,56,12
40,-32,34310,Alexander Björk,4.75,57,12
40,31,39997,Corey Conners,4.75,57,12
40,0,45523,Thriston Lawrence,4.75,57,12
40,0,33674,Adrian Meronk,4.75,57,12
40,-32,47679,Victor Perez,4.75,57,12
40,0,49771,J.T. Poston,4.75,57,12
40,0,34256,Andrew Putnam,4.75,57,12
40,-13,29531,Richie Ramsay,4.75,57,12
40,0,34360,Patrick Reed,4.75,57,12
40,-22,48081,Xander Schauffele,4.75,57,12
40,0,27506,Oliver Wilson,4.75,57,12
51,0,45526,Abraham Ancer,4.83,58,12
51,-49,29936,Ryan Fox,4.83,58,12
51,16,34363,Tyrrell Hatton,4.83,58,12
51,0,47056,Rikuya Hoshino,4.83,58,12
51,-11,28300,Joost Luiten,4.83,58,12
51,0,32839,Hideki Matsuyama,4.83,58,12
51,0,34046,Jordan Spieth,4.83,58,12
51,0,21528,Henrik Stenson,4.83,58,12
51,0,49960,Sepp Straka,4.83,58,12
51,0,32139,Danny Willett,4.83,58,12
61,0,45522,Christiaan Bezuidenhout,4.92,59,12
61,0,34362,Laurie Canter,4.92,59,12
61,-59,52453,Nicolai Hojgaard,4.92,59,12
61,0,36689,Brooks Koepka,4.92,59,12
61,0,54422,Christo Lamprecht,4.92,59,12
61,0,34575,Adrian Otaegui,4.92,59,12
61,0,65374,Brandon Robinson Thompson,4.92,59,12
61,-53,23481,Marcel Siem,4.92,59,12
61,0,35913,Michael Stewart,4.92,59,12
70,0,35450,Patrick Cantlay,5.00,60,12
70,-3,32102,Rickie Fowler,5.00,60,12
70,0,30692,Scott Stallings,5.00,60,12
73,0,45836,Richard Bland,5.08,61,12
73,0,39412,Zack Fischer,5.08,61,12
73,-14,39834,Guido Migliozzi,5.08,61,12
73,0,24502,Adam Scott,5.08,61,12