RANK,MOVEMENT,PLAYER_ID,PLAYER,AVG,TOTAL STROKES,TOTAL HOLES
1,0,32839,Hideki Matsuyama,4.25,68,16
1,66,48081,Xander Schauffele,4.25,68,16
3,0,35532,Tom Hoge,4.31,69,16
3,-1,46046,Scottie Scheffler,4.31,69,16
5,0,27644,Brian Harman,4.38,70,16
5,0,39971,Sungjae Im,4.38,70,16
5,0,32757,Patton Kizzire,4.38,70,16
5,0,50095,Austin Smotherman,4.38,70,16
9,-8,35450,Patrick Cantlay,4.44,71,16
9,1,30911,Tommy Fleetwood,4.44,71,16
9,44,33204,Shane Lowry,4.44,71,16
9,21,49947,Taylor Moore,4.44,71,16
13,0,33948,Byeong Hun An,4.50,72,16
13,0,47591,Eric Cole,4.50,72,16
13,0,34563,Chesson Hadley,4.50,72,16
13,0,33399,Adam Hadwin,4.50,72,16
13,7,34098,Russell Henley,4.50,72,16
13,0,54421,Garrick Higgo,4.50,72,16
13,11,39977,Max Homa,4.50,72,16
13,0,28775,Nate Lashley,4.50,72,16
13,33,34409,David Lingmerth,4.50,72,16
13,0,50525,Collin Morikawa,4.50,72,16
13,0,22405,Justin Rose,4.50,72,16
13,40,58168,Davis Thompson,4.50,72,16
13,0,31323,Gary Woodland,4.50,72,16
13,-8,57366,Cameron Young,4.50,72,16
27,0,45522,Christiaan Bezuidenhout,4.56,73,16
27,0,47504,Sam Burns,4.56,73,16
27,26,51766,Wyndham Clark,4.56,73,16
27,-7,34363,Tyrrell Hatton,4.56,73,16
27,0,49298,Kramer Hickok,4.56,73,16
27,40,46717,Viktor Hovland,4.56,73,16
27,26,39546,Keith Mitchell,4.56,73,16
27,-17,34046,Jordan Spieth,4.56,73,16
27,0,52374,Brandon Wu,4.56,73,16
36,0,34076,Joel Dahmen,4.63,74,16
36,-6,29725,Tony Finau,4.63,74,16
36,0,36801,Mark Hubbard,4.63,74,16
36,26,55182,Tom Kim,4.63,74,16
36,0,37378,Min Woo Lee,4.63,74,16
36,0,40250,Taylor Pendrith,4.63,74,16
36,0,37275,Sam Ryder,4.63,74,16
36,0,30692,Scott Stallings,4.63,74,16
36,-6,40115,Adam Svensson,4.63,74,16
36,-6,33448,Justin Thomas,4.63,74,16
36,-16,32139,Danny Willett,4.63,74,16
47,0,45157,Cam Davis,4.69,75,16
47,0,45609,Tyler Duncan,4.69,75,16
47,-17,32102,Rickie Fowler,4.69,75,16
47,0,08075,Jerry Kelly,4.69,75,16
47,-1,37455,Si Woo Kim,4.69,75,16
47,0,33413,Ben Martin,4.69,75,16
47,-17,55789,Taylor Montgomery,4.69,75,16
47,0,47983,Chad Ramey,4.69,75,16
47,-37,24502,Adam Scott,4.69,75,16
47,-23,50493,Justin Suh,4.69,75,16
47,6,30927,Brendon Todd,4.69,75,16
58,-56,29936,Ryan Fox,4.75,76,16
58,0,47993,Denny McCarthy,4.75,76,16
58,4,46414,Aaron Rai,4.75,76,16
58,0,34610,Matthias Schwab,4.75,76,16
58,0,54783,Dylan Wu,4.75,76,16
58,-34,47483,Will Zalatoris,4.75,76,16
64,-2,56762,Will Gordon,4.81,77,16
64,-40,54591,Ben Griffin,4.81,77,16
64,0,29478,Kevin Kisner,4.81,77,16
64,-44,25198,Francesco Molinari,4.81,77,16
64,0,49960,Sepp Straka,4.81,77,16
69,-16,22371,Aaron Baddeley,4.88,78,16
69,-59,28089,Jason Day,4.88,78,16
69,0,46442,Maverick McNealy,4.88,78,16
69,0,46340,Alex Smalley,4.88,78,16
73,0,25900,Lucas Glover,4.94,79,16
74,0,36799,Stephan Jaeger,5.13,82,16
75,-51,51634,Sahith Theegala,5.19,83,16