RANK,MOVEMENT,PLAYER_ID,PLAYER,AVG,TOTAL STROKES,TOTAL HOLES
1,46,47504,Sam Burns,4.31,69,16
2,0,32102,Rickie Fowler,4.44,71,16
2,25,36799,Stephan Jaeger,4.44,71,16
2,0,33204,Shane Lowry,4.44,71,16
2,45,36699,Patrick Rodgers,4.44,71,16
2,0,24502,Adam Scott,4.44,71,16
7,0,33141,Keegan Bradley,4.50,72,16
7,0,47591,Eric Cole,4.50,72,16
7,0,40098,Matt Fitzpatrick,4.50,72,16
7,0,23108,Matt Kuchar,4.50,72,16
7,6,36326,David Lipsky,4.50,72,16
12,1,31646,Emiliano Grillo,4.56,73,16
12,0,50188,S.H. Kim,4.56,73,16
12,1,37455,Si Woo Kim,4.56,73,16
12,0,32839,Hideki Matsuyama,4.56,73,16
12,0,47993,Denny McCarthy,4.56,73,16
12,35,34256,Andrew Putnam,4.56,73,16
12,1,47347,Adam Schenk,4.56,73,16
19,0,51766,Wyndham Clark,4.63,74,16
19,8,23983,Luke Donald,4.63,74,16
19,49,57362,Austin Eckroat,4.63,74,16
19,-6,34099,Harris English,4.63,74,16
19,0,34363,Tyrrell Hatton,4.63,74,16
19,39,34098,Russell Henley,4.63,74,16
19,0,54421,Garrick Higgo,4.63,74,16
19,8,54628,Lee Hodges,4.63,74,16
19,-13,46046,Scottie Scheffler,4.63,74,16
19,0,34046,Jordan Spieth,4.63,74,16
19,0,51634,Sahith Theegala,4.63,74,16
30,0,35450,Patrick Cantlay,4.69,75,16
30,0,35310,Lanto Griffin,4.69,75,16
30,-27,46717,Viktor Hovland,4.69,75,16
30,-24,36801,Mark Hubbard,4.69,75,16
30,0,28237,Rory McIlroy,4.69,75,16
30,0,40250,Taylor Pendrith,4.69,75,16
30,-3,26476,Chez Reavie,4.69,75,16
30,0,58168,Davis Thompson,4.69,75,16
30,0,32139,Danny Willett,4.69,75,16
30,0,31323,Gary Woodland,4.69,75,16
40,-13,45522,Christiaan Bezuidenhout,4.75,76,16
40,0,34255,Joseph Bramlett,4.75,76,16
40,18,39324,J.J. Spaun,4.75,76,16
40,-13,50493,Justin Suh,4.75,76,16
44,14,33653,Thomas Detry,4.81,77,16
44,-17,29936,Ryan Fox,4.81,77,16
44,0,28252,Seamus Power,4.81,77,16
44,0,46970,Jon Rahm,4.81,77,16
44,-31,49960,Sepp Straka,4.81,77,16
49,0,59652,Sam Bennett,4.88,78,16
49,-36,35461,Beau Hossler,4.88,78,16
49,0,39546,Keith Mitchell,4.88,78,16
49,0,49771,J.T. Poston,4.88,78,16
49,0,47995,Davis Riley,4.88,78,16
49,0,48887,Matt Wallace,4.88,78,16
55,-49,33948,Byeong Hun An,4.94,79,16
55,0,20229,Stewart Cink,4.94,79,16
55,-28,35532,Tom Hoge,4.94,79,16
55,0,27649,Brandt Snedeker,4.94,79,16
55,-42,55893,Sam Stevens,4.94,79,16
60,0,39971,Sungjae Im,5.00,80,16
60,-2,27129,Luke List,5.00,80,16
60,-33,27349,Alex Noren,5.00,80,16
63,0,55789,Taylor Montgomery,5.06,81,16
63,0,37275,Sam Ryder,5.06,81,16
63,0,48081,Xander Schauffele,5.06,81,16