RANK,MOVEMENT,PLAYER_ID,PLAYER,AVG,TOTAL STROKES,TOTAL HOLES
1,58,51766,Wyndham Clark,4.13,33,8
1,18,49771,J.T. Poston,4.13,33,8
3,39,40098,Matt Fitzpatrick,4.25,34,8
4,38,46717,Viktor Hovland,4.38,35,8
4,38,48081,Xander Schauffele,4.38,35,8
6,21,33141,Keegan Bradley,4.50,36,8
6,21,47504,Sam Burns,4.50,36,8
6,3,35450,Patrick Cantlay,4.50,36,8
6,21,32102,Rickie Fowler,4.50,36,8
6,36,31646,Emiliano Grillo,4.50,36,8
6,-4,35532,Tom Hoge,4.50,36,8
6,13,39971,Sungjae Im,4.50,36,8
6,53,48117,Kurt Kitayama,4.50,36,8
6,3,28237,Rory McIlroy,4.50,36,8
6,36,40115,Adam Svensson,4.50,36,8
6,3,57366,Cameron Young,4.50,36,8
17,-8,25900,Lucas Glover,4.63,37,8
17,2,34098,Russell Henley,4.63,37,8
17,-15,39977,Max Homa,4.63,37,8
17,-15,37455,Si Woo Kim,4.63,37,8
17,2,55182,Tom Kim,4.63,37,8
17,10,50525,Collin Morikawa,4.63,37,8
17,-8,46046,Scottie Scheffler,4.63,37,8
17,-15,34046,Jordan Spieth,4.63,37,8
17,10,51634,Sahith Theegala,4.63,37,8
26,1,28089,Jason Day,4.75,38,8
26,-7,34099,Harris English,4.75,38,8
26,33,30926,Chris Kirk,4.75,38,8
26,33,34256,Andrew Putnam,4.75,38,8
26,33,22405,Justin Rose,4.75,38,8
26,1,49960,Sepp Straka,4.75,38,8
32,35,47591,Eric Cole,4.88,39,8
32,-13,39997,Corey Conners,4.88,39,8
32,-5,30911,Tommy Fleetwood,4.88,39,8
32,-5,34363,Tyrrell Hatton,4.88,39,8
32,10,54628,Lee Hodges,4.88,39,8
32,35,46970,Jon Rahm,4.88,39,8
38,4,33948,Byeong Hun An,5.00,40,8
38,-11,29725,Tony Finau,5.00,40,8
38,4,27644,Brian Harman,5.00,40,8
38,29,47993,Denny McCarthy,5.00,40,8
38,4,28252,Seamus Power,5.00,40,8
38,-11,36699,Patrick Rodgers,5.00,40,8
38,21,30927,Brendon Todd,5.00,40,8
45,-36,45157,Cam Davis,5.13,41,8
45,25,33399,Adam Hadwin,5.13,41,8
45,-43,49947,Taylor Moore,5.13,41,8
45,14,47347,Adam Schenk,5.13,41,8
45,14,25493,Nick Taylor,5.13,41,8