RANK,MOVEMENT,PLAYER_ID,PLAYER,AVG,TOTAL STROKES,TOTAL HOLES
1,0,36689,Brooks Koepka,4.31,69,16
2,0,29725,Tony Finau,4.38,70,16
2,0,46970,Jon Rahm,4.38,70,16
2,0,46046,Scottie Scheffler,4.38,70,16
2,0,51634,Sahith Theegala,4.38,70,16
6,0,33141,Keegan Bradley,4.44,71,16
6,0,35450,Patrick Cantlay,4.44,71,16
6,0,22405,Justin Rose,4.44,71,16
9,0,47504,Sam Burns,4.50,72,16
9,0,46717,Viktor Hovland,4.50,72,16
9,0,32791,K.H. Lee,4.50,72,16
9,0,01810,Phil Mickelson,4.50,72,16
9,0,49947,Taylor Moore,4.50,72,16
9,0,48081,Xander Schauffele,4.50,72,16
9,0,35891,Cameron Smith,4.50,72,16
9,0,57366,Cameron Young,4.50,72,16
17,0,29936,Ryan Fox,4.56,73,16
17,0,35506,Mackenzie Hughes,4.56,73,16
17,0,39971,Sungjae Im,4.56,73,16
17,0,30925,Dustin Johnson,4.56,73,16
17,38,37455,Si Woo Kim,4.56,73,16
17,-6,32839,Hideki Matsuyama,4.56,73,16
17,0,50525,Collin Morikawa,4.56,73,16
17,0,34360,Patrick Reed,4.56,73,16
17,0,34046,Jordan Spieth,4.56,73,16
17,0,37189,Harold Varner III,4.56,73,16
27,0,34099,Harris English,4.63,74,16
27,0,40098,Matt Fitzpatrick,4.63,74,16
27,0,30911,Tommy Fleetwood,4.63,74,16
27,0,46402,Talor Gooch,4.63,74,16
27,0,34363,Tyrrell Hatton,4.63,74,16
27,0,34098,Russell Henley,4.63,74,16
27,0,55182,Tom Kim,4.63,74,16
27,-16,30926,Chris Kirk,4.63,74,16
27,0,47529,Mito Pereira,4.63,74,16
27,0,49771,J.T. Poston,4.63,74,16
27,0,28252,Seamus Power,4.63,74,16
27,14,49960,Sepp Straka,4.63,74,16
39,0,45526,Abraham Ancer,4.69,75,16
39,0,01226,Fred Couples,4.69,75,16
39,0,29420,Billy Horschel,4.69,75,16
39,0,24024,Zach Johnson,4.69,75,16
39,0,45486,Joaquin Niemann,4.69,75,16
39,0,31323,Gary Woodland,4.69,75,16
45,0,39977,Max Homa,4.75,76,16
46,0,59652,Sam Bennett,4.81,77,16
46,0,33204,Shane Lowry,4.81,77,16
46,0,33293,Thomas Pieters,4.81,77,16
46,0,26331,Charl Schwartzel,4.81,77,16
46,0,24502,Adam Scott,4.81,77,16
51,0,39546,Keith Mitchell,4.88,78,16
51,0,30692,Scott Stallings,4.88,78,16
53,0,28089,Jason Day,5.06,81,16