RANK,MOVEMENT,PLAYER_ID,PLAYER,AVG,TOTAL STROKES,TOTAL HOLES
1,0,48117,Kurt Kitayama,4.38,35,8
2,0,32791,K.H. Lee,4.50,36,8
2,0,33293,Thomas Pieters,4.50,36,8
2,0,34046,Jordan Spieth,4.50,36,8
5,0,35450,Patrick Cantlay,4.63,37,8
5,0,45157,Cam Davis,4.63,37,8
5,0,33653,Thomas Detry,4.63,37,8
5,0,52453,Nicolai Hojgaard,4.63,37,8
5,0,46717,Viktor Hovland,4.63,37,8
5,0,36689,Brooks Koepka,4.63,37,8
5,0,33674,Adrian Meronk,4.63,37,8
5,31,55789,Taylor Montgomery,4.63,37,8
5,0,49771,J.T. Poston,4.63,37,8
5,0,46970,Jon Rahm,4.63,37,8
5,0,34360,Patrick Reed,4.63,37,8
5,0,48081,Xander Schauffele,4.63,37,8
5,0,37189,Harold Varner III,4.63,37,8
18,36,47591,Eric Cole,4.75,38,8
18,0,30911,Tommy Fleetwood,4.75,38,8
18,0,20766,Padraig Harrington,4.75,38,8
18,0,35778,Kazuki Higa,4.75,38,8
18,0,33204,Shane Lowry,4.75,38,8
18,50,32839,Hideki Matsuyama,4.75,38,8
18,0,28237,Rory McIlroy,4.75,38,8
18,0,01810,Phil Mickelson,4.75,38,8
18,0,50525,Collin Morikawa,4.75,38,8
18,0,48051,Yannik Paul,4.75,38,8
18,0,47529,Mito Pereira,4.75,38,8
18,0,47679,Victor Perez,4.75,38,8
18,0,40115,Adam Svensson,4.75,38,8
18,0,48699,Callum Tarren,4.75,38,8
18,0,33448,Justin Thomas,4.75,38,8
33,0,33974,Dean Burmester,4.88,39,8
33,0,39997,Corey Conners,4.88,39,8
33,0,47959,Bryson DeChambeau,4.88,39,8
33,-21,33399,Adam Hadwin,4.88,39,8
33,0,39058,Lucas Herbert,4.88,39,8
33,0,47056,Rikuya Hoshino,4.88,39,8
33,0,30925,Dustin Johnson,4.88,39,8
33,0,30926,Chris Kirk,4.88,39,8
33,0,47993,Denny McCarthy,4.88,39,8
33,21,36871,Matt NeSmith,4.88,39,8
33,-21,46046,Scottie Scheffler,4.88,39,8
33,0,49960,Sepp Straka,4.88,39,8
33,0,48887,Matt Wallace,4.88,39,8
46,0,33141,Keegan Bradley,5.00,40,8
46,0,55708,Hayden Buckley,5.00,40,8
46,0,29936,Ryan Fox,5.00,40,8
46,0,35461,Beau Hossler,5.00,40,8
46,0,36801,Mark Hubbard,5.00,40,8
46,8,36799,Stephan Jaeger,5.00,40,8
46,0,29670,Pablo Larrazabal,5.00,40,8
46,0,45523,Thriston Lawrence,5.00,40,8
46,0,37378,Min Woo Lee,5.00,40,8
46,0,40250,Taylor Pendrith,5.00,40,8
46,0,26476,Chez Reavie,5.00,40,8
46,0,46340,Alex Smalley,5.00,40,8
46,0,35891,Cameron Smith,5.00,40,8
46,0,50493,Justin Suh,5.00,40,8
46,0,48119,Ben Taylor,5.00,40,8
46,0,51634,Sahith Theegala,5.00,40,8
62,0,22764,Michael Block,5.13,41,8
62,0,54628,Lee Hodges,5.13,41,8
62,0,39977,Max Homa,5.13,41,8
62,0,24024,Zach Johnson,5.13,41,8
62,0,49947,Taylor Moore,5.13,41,8
62,0,22405,Justin Rose,5.13,41,8
62,-50,24502,Adam Scott,5.13,41,8
62,-56,55893,Sam Stevens,5.13,41,8
70,0,34076,Joel Dahmen,5.25,42,8
70,0,29725,Tony Finau,5.25,42,8
70,-64,34363,Tyrrell Hatton,5.25,42,8
70,0,36699,Patrick Rodgers,5.25,42,8
74,-38,35532,Tom Hoge,5.38,43,8
74,0,32369,Sihwan Kim,5.38,43,8
76,0,39546,Keith Mitchell,5.50,44,8