RANK,MOVEMENT,PLAYER_ID,PLAYER,AVG,TOTAL STROKES,TOTAL HOLES
1,0,51766,Wyndham Clark,4.33,52,12
1,0,32102,Rickie Fowler,4.33,52,12
1,0,55182,Tom Kim,4.33,52,12
4,0,47959,Bryson DeChambeau,4.42,53,12
4,0,29725,Tony Finau,4.42,53,12
4,18,59018,Ryan Gerard,4.42,53,12
4,0,30925,Dustin Johnson,4.42,53,12
4,0,28521,Ryutaro Nagano,4.42,53,12
4,0,46970,Jon Rahm,4.42,53,12
4,0,64442,Gordon Sargent,4.42,53,12
11,0,35450,Patrick Cantlay,4.50,54,12
11,0,57362,Austin Eckroat,4.50,54,12
11,52,28237,Rory McIlroy,4.50,54,12
14,0,34099,Harris English,4.58,55,12
14,0,20766,Padraig Harrington,4.58,55,12
14,41,33204,Shane Lowry,4.58,55,12
14,0,34256,Andrew Putnam,4.58,55,12
14,0,35891,Cameron Smith,4.58,55,12
14,0,55893,Sam Stevens,4.58,55,12
14,35,57366,Cameron Young,4.58,55,12
21,0,45526,Abraham Ancer,4.67,56,12
21,14,59652,Sam Bennett,4.67,56,12
21,0,47504,Sam Burns,4.67,56,12
21,0,29936,Ryan Fox,4.67,56,12
21,14,34363,Tyrrell Hatton,4.67,56,12
21,0,29420,Billy Horschel,4.67,56,12
21,0,48632,Yuto Katsuragawa,4.67,56,12
21,0,63343,Aldrich Potgieter,4.67,56,12
21,0,61193,David Puig,4.67,56,12
21,0,46046,Scottie Scheffler,4.67,56,12
21,0,50493,Justin Suh,4.67,56,12
21,0,31323,Gary Woodland,4.67,56,12
33,-22,47591,Eric Cole,4.75,57,12
33,-22,30911,Tommy Fleetwood,4.75,57,12
33,0,37455,Si Woo Kim,4.75,57,12
33,0,36689,Brooks Koepka,4.75,57,12
33,0,37378,Min Woo Lee,4.75,57,12
33,0,50525,Collin Morikawa,4.75,57,12
33,0,45486,Joaquin Niemann,4.75,57,12
33,0,34360,Patrick Reed,4.75,57,12
33,0,48081,Xander Schauffele,4.75,57,12
33,0,46464,Jordan Smith,4.75,57,12
43,0,21209,Sergio Garcia,4.83,58,12
43,0,47988,Nick Hardy,4.83,58,12
43,0,35506,Mackenzie Hughes,4.83,58,12
43,0,30852,Ryo Ishikawa,4.83,58,12
43,0,47993,Denny McCarthy,4.83,58,12
43,0,39546,Keith Mitchell,4.83,58,12
43,0,48822,Sebastián Muñoz,4.83,58,12
43,-21,54783,Dylan Wu,4.83,58,12
51,0,60006,Ben Carr,4.92,59,12
51,12,40098,Matt Fitzpatrick,4.92,59,12
51,0,27644,Brian Harman,4.92,59,12
51,0,34098,Russell Henley,4.92,59,12
51,0,37250,Romain Langasque,4.92,59,12
51,-46,51634,Sahith Theegala,4.92,59,12
57,0,12716,Charley Hoffman,5.00,60,12
57,0,32839,Hideki Matsuyama,5.00,60,12
57,0,27214,Kevin Streelman,5.00,60,12
60,0,46717,Viktor Hovland,5.08,61,12
60,0,36699,Patrick Rodgers,5.08,61,12
60,0,40115,Adam Svensson,5.08,61,12
63,-28,33399,Adam Hadwin,5.17,62,12
64,0,58669,Jacob Solomon,5.25,63,12
65,0,57860,Maxwell Moldovan,5.33,64,12