RANK,MOVEMENT,PLAYER_ID,PLAYER,AVG,TOTAL STROKES,TOTAL HOLES
1,26,40098,Matt Fitzpatrick,4.17,50,12
1,0,33413,Ben Martin,4.17,50,12
3,6,47504,Sam Burns,4.33,52,12
3,0,45157,Cam Davis,4.33,52,12
3,14,34046,Jordan Spieth,4.33,52,12
6,-4,29725,Tony Finau,4.42,53,12
6,21,30911,Tommy Fleetwood,4.42,53,12
6,0,32102,Rickie Fowler,4.42,53,12
6,0,52375,Doug Ghim,4.42,53,12
6,0,54591,Ben Griffin,4.42,53,12
6,11,39971,Sungjae Im,4.42,53,12
6,0,23108,Matt Kuchar,4.42,53,12
6,0,34256,Andrew Putnam,4.42,53,12
6,0,46414,Aaron Rai,4.42,53,12
6,3,48081,Xander Schauffele,4.42,53,12
6,-4,46046,Scottie Scheffler,4.42,53,12
6,0,32150,Michael Thompson,4.42,53,12
6,0,30927,Brendon Todd,4.42,53,12
19,-13,33141,Keegan Bradley,4.50,54,12
19,-13,35450,Patrick Cantlay,4.50,54,12
19,0,32448,James Hahn,4.50,54,12
19,0,27644,Brian Harman,4.50,54,12
19,0,35461,Beau Hossler,4.50,54,12
19,0,28775,Nate Lashley,4.50,54,12
19,-10,32791,K.H. Lee,4.50,54,12
19,-2,50525,Collin Morikawa,4.50,54,12
19,0,47347,Adam Schenk,4.50,54,12
19,0,25493,Nick Taylor,4.50,54,12
19,-17,51634,Sahith Theegala,4.50,54,12
19,0,33448,Justin Thomas,4.50,54,12
19,0,25632,Jimmy Walker,4.50,54,12
19,0,52513,Carson Young,4.50,54,12
33,0,23983,Luke Donald,4.58,55,12
33,0,06522,Ernie Els,4.58,55,12
33,0,31646,Emiliano Grillo,4.58,55,12
33,-6,34363,Tyrrell Hatton,4.58,55,12
33,0,32757,Patton Kizzire,4.58,55,12
33,0,35449,Adam Long,4.58,55,12
33,0,47993,Denny McCarthy,4.58,55,12
33,-24,49947,Taylor Moore,4.58,55,12
33,-31,46970,Jon Rahm,4.58,55,12
33,0,26476,Chez Reavie,4.58,55,12
33,0,36699,Patrick Rodgers,4.58,55,12
33,0,50493,Justin Suh,4.58,55,12
33,0,40115,Adam Svensson,4.58,55,12
33,0,58168,Davis Thompson,4.58,55,12
33,-24,57366,Cameron Young,4.58,55,12
48,0,51766,Wyndham Clark,4.67,56,12
48,0,39997,Corey Conners,4.67,56,12
48,0,36801,Mark Hubbard,4.67,56,12
48,-9,24024,Zach Johnson,4.67,56,12
48,0,27214,Kevin Streelman,4.67,56,12
48,-9,31323,Gary Woodland,4.67,56,12
54,0,45522,Christiaan Bezuidenhout,4.75,57,12
54,0,55708,Hayden Buckley,4.75,57,12
54,-27,34098,Russell Henley,4.75,57,12
54,0,39058,Lucas Herbert,4.75,57,12
54,0,31557,Jim Herman,4.75,57,12
54,0,54421,Garrick Higgo,4.75,57,12
54,0,54628,Lee Hodges,4.75,57,12
54,-27,30926,Chris Kirk,4.75,57,12
54,0,51950,Max McGreevy,4.75,57,12
54,-48,22405,Justin Rose,4.75,57,12
54,-8,24502,Adam Scott,4.75,57,12
54,0,50095,Austin Smotherman,4.75,57,12
54,-3,30692,Scott Stallings,4.75,57,12
54,0,32139,Danny Willett,4.75,57,12
68,0,49298,Kramer Hickok,4.83,58,12
68,0,40162,Justin Lower,4.83,58,12
68,-22,33204,Shane Lowry,4.83,58,12
68,0,36871,Matt NeSmith,4.83,58,12
72,-45,34099,Harris English,4.92,59,12
73,-64,46717,Viktor Hovland,5.00,60,12