RANK,MOVEMENT,PLAYER_ID,PLAYER,AVG,TOTAL STROKES,TOTAL HOLES
1,0,35450,Patrick Cantlay,4.25,68,16
2,0,29936,Ryan Fox,4.38,70,16
2,0,28237,Rory McIlroy,4.38,70,16
2,0,46046,Scottie Scheffler,4.38,70,16
5,0,39997,Corey Conners,4.44,71,16
5,30,39971,Sungjae Im,4.44,71,16
5,0,23320,Ryan Palmer,4.44,71,16
5,47,46441,Robby Shelton,4.44,71,16
5,0,57366,Cameron Young,4.44,71,16
10,0,52955,Ludvig Åberg,4.50,72,16
10,0,33141,Keegan Bradley,4.50,72,16
10,0,28089,Jason Day,4.50,72,16
10,0,40098,Matt Fitzpatrick,4.50,72,16
10,0,30911,Tommy Fleetwood,4.50,72,16
10,0,46601,Trey Mullinax,4.50,72,16
10,1,47995,Davis Riley,4.50,72,16
10,0,24502,Adam Scott,4.50,72,16
10,65,29221,Webb Simpson,4.50,72,16
10,0,34046,Jordan Spieth,4.50,72,16
20,0,34363,Tyrrell Hatton,4.56,73,16
20,0,34098,Russell Henley,4.56,73,16
20,0,25198,Francesco Molinari,4.56,73,16
20,5,32139,Danny Willett,4.56,73,16
24,-21,54591,Ben Griffin,4.63,74,16
24,0,39977,Max Homa,4.63,74,16
24,0,46970,Jon Rahm,4.63,74,16
24,40,50493,Justin Suh,4.63,74,16
24,0,51634,Sahith Theegala,4.63,74,16
24,0,47483,Will Zalatoris,4.63,74,16
30,0,23983,Luke Donald,4.69,75,16
30,0,34099,Harris English,4.69,75,16
30,0,29725,Tony Finau,4.69,75,16
30,0,32102,Rickie Fowler,4.69,75,16
30,0,31646,Emiliano Grillo,4.69,75,16
30,5,20766,Padraig Harrington,4.69,75,16
30,0,35506,Mackenzie Hughes,4.69,75,16
30,-5,24024,Zach Johnson,4.69,75,16
30,0,27936,Martin Laird,4.69,75,16
30,0,36326,David Lipsky,4.69,75,16
30,0,55789,Taylor Montgomery,4.69,75,16
30,0,49947,Taylor Moore,4.69,75,16
30,0,34256,Andrew Putnam,4.69,75,16
30,-19,40115,Adam Svensson,4.69,75,16
30,5,48119,Ben Taylor,4.69,75,16
30,0,33448,Justin Thomas,4.69,75,16
46,29,59836,Pierceson Coody,4.75,76,16
46,0,37455,Si Woo Kim,4.75,76,16
46,0,32791,K.H. Lee,4.75,76,16
46,-21,34409,David Lingmerth,4.75,76,16
46,0,36871,Matt NeSmith,4.75,76,16
46,0,27349,Alex Noren,4.75,76,16
46,-11,47347,Adam Schenk,4.75,76,16
53,0,22371,Aaron Baddeley,4.81,77,16
53,0,51766,Wyndham Clark,4.81,77,16
53,0,47987,Cole Hammer,4.81,77,16
53,0,48117,Kurt Kitayama,4.81,77,16
53,-18,33204,Shane Lowry,4.81,77,16
53,0,39546,Keith Mitchell,4.81,77,16
53,0,58168,Davis Thompson,4.81,77,16
53,0,30927,Brendon Todd,4.81,77,16
53,0,52411,Kyle Westmoreland,4.81,77,16
62,-37,56762,Will Gordon,4.88,78,16
62,0,55182,Tom Kim,4.88,78,16
62,-27,30926,Chris Kirk,4.88,78,16
62,0,59871,Greg Koch,4.88,78,16
62,0,46414,Aaron Rai,4.88,78,16
67,0,33653,Thomas Detry,4.94,79,16
67,0,46717,Viktor Hovland,4.94,79,16
67,-15,50188,S.H. Kim,4.94,79,16
67,0,48081,Xander Schauffele,4.94,79,16
71,0,51890,Greyson Sigg,5.00,80,16
72,0,28252,Seamus Power,5.13,82,16