RANK,MOVEMENT,PLAYER_ID,PLAYER,%,FAIRWAYS HIT,POSSIBLE FAIRWAYS
1,0,34099,Harris English,69.64,39,56
1,0,31646,Emiliano Grillo,69.64,39,56
1,0,48117,Kurt Kitayama,69.64,39,56
4,0,34363,Tyrrell Hatton,67.86,38,56
4,0,55182,Tom Kim,67.86,38,56
4,0,25198,Francesco Molinari,67.86,38,56
4,31,47995,Davis Riley,67.86,38,56
8,0,47483,Will Zalatoris,66.07,37,56
9,0,33141,Keegan Bradley,64.29,36,56
9,0,35450,Patrick Cantlay,64.29,36,56
9,0,39977,Max Homa,64.29,36,56
9,0,46717,Viktor Hovland,64.29,36,56
9,26,30926,Chris Kirk,64.29,36,56
9,0,36326,David Lipsky,64.29,36,56
15,8,56762,Will Gordon,62.50,35,56
15,-4,39971,Sungjae Im,62.50,35,56
15,0,39546,Keith Mitchell,62.50,35,56
15,0,36871,Matt NeSmith,62.50,35,56
19,0,33653,Thomas Detry,60.71,34,56
19,0,34098,Russell Henley,60.71,34,56
19,25,40115,Adam Svensson,60.71,34,56
22,0,22371,Aaron Baddeley,58.93,33,56
22,0,39997,Corey Conners,58.93,33,56
22,-7,34409,David Lingmerth,58.93,33,56
22,0,51890,Greyson Sigg,58.93,33,56
22,0,33448,Justin Thomas,58.93,33,56
27,0,23983,Luke Donald,57.14,32,56
27,-25,24024,Zach Johnson,57.14,32,56
27,0,32791,K.H. Lee,57.14,32,56
27,-21,33204,Shane Lowry,57.14,32,56
27,0,46601,Trey Mullinax,57.14,32,56
27,0,27349,Alex Noren,57.14,32,56
27,0,24502,Adam Scott,57.14,32,56
27,0,30927,Brendon Todd,57.14,32,56
35,0,28089,Jason Day,55.36,31,56
35,0,35506,Mackenzie Hughes,55.36,31,56
35,0,37455,Si Woo Kim,55.36,31,56
35,0,46414,Aaron Rai,55.36,31,56
35,0,51634,Sahith Theegala,55.36,31,56
40,0,27936,Martin Laird,53.57,30,56
40,0,28237,Rory McIlroy,53.57,30,56
40,0,49947,Taylor Moore,53.57,30,56
40,0,23320,Ryan Palmer,53.57,30,56
40,0,28252,Seamus Power,53.57,30,56
40,36,48119,Ben Taylor,53.57,30,56
46,2,59836,Pierceson Coody,51.79,29,56
46,0,29725,Tony Finau,51.79,29,56
46,-18,20766,Padraig Harrington,51.79,29,56
46,14,50188,S.H. Kim,51.79,29,56
46,0,34256,Andrew Putnam,51.79,29,56
46,-31,29221,Webb Simpson,51.79,29,56
46,0,34046,Jordan Spieth,51.79,29,56
53,-18,54591,Ben Griffin,50.00,28,56
53,0,48081,Xander Schauffele,50.00,28,56
53,0,57366,Cameron Young,50.00,28,56
56,0,52955,Ludvig Åberg,48.21,27,56
56,0,30911,Tommy Fleetwood,48.21,27,56
56,0,55789,Taylor Montgomery,48.21,27,56
56,0,46046,Scottie Scheffler,48.21,27,56
56,0,58168,Davis Thompson,48.21,27,56
61,0,40098,Matt Fitzpatrick,46.43,26,56
61,0,29936,Ryan Fox,46.43,26,56
61,0,47987,Cole Hammer,46.43,26,56
61,0,59871,Greg Koch,46.43,26,56
61,-60,50493,Justin Suh,46.43,26,56
61,-6,32139,Danny Willett,46.43,26,56
67,0,51766,Wyndham Clark,44.64,25,56
68,0,46970,Jon Rahm,42.86,24,56
68,-49,46441,Robby Shelton,42.86,24,56
70,0,32102,Rickie Fowler,41.07,23,56
70,-18,47347,Adam Schenk,41.07,23,56
70,0,52411,Kyle Westmoreland,41.07,23,56