RANK,MOVEMENT,PLAYER_ID,PLAYER,%,FAIRWAYS HIT,POSSIBLE FAIRWAYS
1,24,39971,Sungjae Im,80.36,45,56
1,17,24024,Zach Johnson,80.36,45,56
3,0,32448,James Hahn,78.57,44,56
3,0,27644,Brian Harman,78.57,44,56
3,0,35449,Adam Long,78.57,44,56
6,-5,34098,Russell Henley,76.79,43,56
6,0,31557,Jim Herman,76.79,43,56
6,0,26476,Chez Reavie,76.79,43,56
6,26,46046,Scottie Scheffler,76.79,43,56
6,0,32150,Michael Thompson,76.79,43,56
11,0,55708,Hayden Buckley,75.00,42,56
11,0,52375,Doug Ghim,75.00,42,56
13,0,45522,Christiaan Bezuidenhout,71.43,40,56
13,12,30911,Tommy Fleetwood,71.43,40,56
13,0,32102,Rickie Fowler,71.43,40,56
13,26,34363,Tyrrell Hatton,71.43,40,56
13,0,40115,Adam Svensson,71.43,40,56
13,0,52513,Carson Young,71.43,40,56
19,9,29725,Tony Finau,69.64,39,56
19,0,54591,Ben Griffin,69.64,39,56
19,0,54421,Garrick Higgo,69.64,39,56
19,0,47993,Denny McCarthy,69.64,39,56
19,0,46414,Aaron Rai,69.64,39,56
24,-12,35450,Patrick Cantlay,67.86,38,56
24,0,49298,Kramer Hickok,67.86,38,56
24,0,54628,Lee Hodges,67.86,38,56
24,0,28775,Nate Lashley,67.86,38,56
24,-20,32791,K.H. Lee,67.86,38,56
24,0,40162,Justin Lower,67.86,38,56
24,0,33413,Ben Martin,67.86,38,56
24,0,50095,Austin Smotherman,67.86,38,56
24,0,50493,Justin Suh,67.86,38,56
24,4,31323,Gary Woodland,67.86,38,56
34,-16,33141,Keegan Bradley,66.07,37,56
34,0,23108,Matt Kuchar,66.07,37,56
34,14,49947,Taylor Moore,66.07,37,56
34,0,34256,Andrew Putnam,66.07,37,56
34,0,47347,Adam Schenk,66.07,37,56
34,0,25493,Nick Taylor,66.07,37,56
34,0,33448,Justin Thomas,66.07,37,56
34,0,30927,Brendon Todd,66.07,37,56
42,0,31646,Emiliano Grillo,64.29,36,56
42,-41,33204,Shane Lowry,64.29,36,56
42,0,51950,Max McGreevy,64.29,36,56
42,-30,50525,Collin Morikawa,64.29,36,56
42,-14,22405,Justin Rose,64.29,36,56
42,-24,48081,Xander Schauffele,64.29,36,56
42,1,30692,Scott Stallings,64.29,36,56
42,0,25632,Jimmy Walker,64.29,36,56
50,0,39997,Corey Conners,62.50,35,56
50,0,36801,Mark Hubbard,62.50,35,56
50,-41,30926,Chris Kirk,62.50,35,56
50,-46,46970,Jon Rahm,62.50,35,56
50,-22,24502,Adam Scott,62.50,35,56
50,-32,51634,Sahith Theegala,62.50,35,56
56,0,23983,Luke Donald,60.71,34,56
56,-38,34099,Harris English,60.71,34,56
56,-38,40098,Matt Fitzpatrick,60.71,34,56
56,0,39058,Lucas Herbert,60.71,34,56
56,-53,46717,Viktor Hovland,60.71,34,56
56,0,36699,Patrick Rodgers,60.71,34,56
62,-53,47504,Sam Burns,58.93,33,56
62,0,45157,Cam Davis,58.93,33,56
62,-30,34046,Jordan Spieth,58.93,33,56
65,0,51766,Wyndham Clark,57.14,32,56
65,0,35461,Beau Hossler,57.14,32,56
65,0,32757,Patton Kizzire,57.14,32,56
65,0,36871,Matt NeSmith,57.14,32,56
69,0,27214,Kevin Streelman,55.36,31,56
70,0,58168,Davis Thompson,53.57,30,56
70,-63,57366,Cameron Young,53.57,30,56
72,0,32139,Danny Willett,51.79,29,56
73,0,06522,Ernie Els,46.43,26,56