RANK,MOVEMENT,PLAYER_ID,PLAYER,%,FAIRWAYS HIT,POSSIBLE FAIRWAYS
1,27,46717,Viktor Hovland,76.79%,43,56
2,5,34098,Russell Henley,73.21%,41,56
3,25,55182,Tom Kim,71.43%,40,56
3,3,50525,Collin Morikawa,71.43%,40,56
5,-3,30911,Tommy Fleetwood,69.64%,39,56
6,6,25900,Lucas Glover,67.86%,38,56
6,31,46046,Scottie Scheffler,67.86%,38,56
8,4,39971,Sungjae Im,66.07%,37,56
8,61,48081,Xander Schauffele,66.07%,37,56
10,15,39997,Corey Conners,62.50%,35,56
10,18,28089,Jason Day,62.50%,35,56
10,35,34256,Andrew Putnam,62.50%,35,56
10,-9,30927,Brendon Todd,62.50%,35,56
14,54,51766,Wyndham Clark,60.71%,34,56
14,31,29725,Tony Finau,60.71%,34,56
16,39,47504,Sam Burns,58.93%,33,56
16,21,31646,Emiliano Grillo,58.93%,33,56
16,3,39977,Max Homa,58.93%,33,56
16,-14,37455,Si Woo Kim,58.93%,33,56
16,44,49771,J.T. Poston,58.93%,33,56
16,29,47347,Adam Schenk,58.93%,33,56
16,3,49960,Sepp Straka,58.93%,33,56
16,3,40115,Adam Svensson,58.93%,33,56
24,-12,35450,Patrick Cantlay,57.14%,32,56
24,39,40098,Matt Fitzpatrick,57.14%,32,56
24,13,32102,Rickie Fowler,57.14%,32,56
24,-12,34046,Jordan Spieth,57.14%,32,56
28,32,33948,Byeong Hun An,55.36%,31,56
28,9,33399,Adam Hadwin,55.36%,31,56
28,0,54628,Lee Hodges,55.36%,31,56
28,25,35532,Tom Hoge,55.36%,31,56
32,-20,34099,Harris English,53.57%,30,56
32,5,34363,Tyrrell Hatton,53.57%,30,56
32,34,48117,Kurt Kitayama,53.57%,30,56
32,-4,28252,Seamus Power,53.57%,30,56
32,-4,22405,Justin Rose,53.57%,30,56
32,-13,57366,Cameron Young,53.57%,30,56
38,7,33141,Keegan Bradley,51.79%,29,56
38,-26,45157,Cam Davis,51.79%,29,56
38,-33,25493,Nick Taylor,51.79%,29,56
38,7,51634,Sahith Theegala,51.79%,29,56
42,-17,30926,Chris Kirk,50.00%,28,56
43,-41,27644,Brian Harman,48.21%,27,56
43,-15,47993,Denny McCarthy,48.21%,27,56
43,-6,36699,Patrick Rodgers,48.21%,27,56
46,-18,49947,Taylor Moore,44.64%,25,56
46,-1,46970,Jon Rahm,44.64%,25,56
48,-11,47591,Eric Cole,42.86%,24,56
48,-36,28237,Rory McIlroy,42.86%,24,56