RANK,MOVEMENT,PLAYER_ID,PLAYER,%,FAIRWAYS HIT,POSSIBLE FAIRWAYS
1,4,37455,Si Woo Kim,80.36%,45,56
2,0,34046,Jordan Spieth,73.21%,41,56
3,0,37275,Sam Ryder,69.64%,39,56
4,0,59652,Sam Bennett,67.86%,38,56
4,21,34256,Andrew Putnam,67.86%,38,56
4,0,48081,Xander Schauffele,67.86%,38,56
4,5,49960,Sepp Straka,67.86%,38,56
4,44,50493,Justin Suh,67.86%,38,56
4,0,31323,Gary Woodland,67.86%,38,56
10,0,51766,Wyndham Clark,66.07%,37,56
10,8,23983,Luke Donald,66.07%,37,56
10,0,39971,Sungjae Im,66.07%,37,56
10,0,23108,Matt Kuchar,66.07%,37,56
14,-13,57362,Austin Eckroat,64.29%,36,56
14,-5,54628,Lee Hodges,64.29%,36,56
14,34,35461,Beau Hossler,64.29%,36,56
14,0,32839,Hideki Matsuyama,64.29%,36,56
14,0,47993,Denny McCarthy,64.29%,36,56
19,15,33948,Byeong Hun An,62.50%,35,56
19,0,47591,Eric Cole,62.50%,35,56
19,-17,34099,Harris English,62.50%,35,56
19,0,35310,Lanto Griffin,62.50%,35,56
19,6,31646,Emiliano Grillo,62.50%,35,56
19,0,28237,Rory McIlroy,62.50%,35,56
19,39,39324,J.J. Spaun,62.50%,35,56
26,22,47504,Sam Burns,60.71%,34,56
26,0,35450,Patrick Cantlay,60.71%,34,56
26,-8,34098,Russell Henley,60.71%,34,56
26,0,33204,Shane Lowry,60.71%,34,56
26,-17,47347,Adam Schenk,60.71%,34,56
26,0,27649,Brandt Snedeker,60.71%,34,56
26,-8,55893,Sam Stevens,60.71%,34,56
33,0,50188,S.H. Kim,58.93%,33,56
33,0,28252,Seamus Power,58.93%,33,56
33,8,26476,Chez Reavie,58.93%,33,56
33,1,46046,Scottie Scheffler,58.93%,33,56
33,0,32139,Danny Willett,58.93%,33,56
38,-20,45522,Christiaan Bezuidenhout,57.14%,32,56
38,0,34363,Tyrrell Hatton,57.14%,32,56
38,22,36801,Mark Hubbard,57.14%,32,56
38,-10,36326,David Lipsky,57.14%,32,56
38,0,55789,Taylor Montgomery,57.14%,32,56
38,0,48887,Matt Wallace,57.14%,32,56
44,0,20229,Stewart Cink,55.36%,31,56
44,0,40098,Matt Fitzpatrick,55.36%,31,56
44,18,27129,Luke List,55.36%,31,56
44,0,40250,Taylor Pendrith,55.36%,31,56
44,0,49771,J.T. Poston,55.36%,31,56
44,0,47995,Davis Riley,55.36%,31,56
44,0,24502,Adam Scott,55.36%,31,56
51,0,54421,Garrick Higgo,53.57%,30,56
51,-43,46717,Viktor Hovland,53.57%,30,56
51,0,39546,Keith Mitchell,53.57%,30,56
51,-46,36699,Patrick Rodgers,53.57%,30,56
51,0,58168,Davis Thompson,53.57%,30,56
56,-22,32102,Rickie Fowler,51.79%,29,56
56,-1,36799,Stephan Jaeger,51.79%,29,56
58,0,34255,Joseph Bramlett,50.00%,28,56
59,-25,33653,Thomas Detry,48.21%,27,56
59,-18,35532,Tom Hoge,48.21%,27,56
59,13,27349,Alex Noren,48.21%,27,56
59,0,46970,Jon Rahm,48.21%,27,56
63,0,33141,Keegan Bradley,46.43%,26,56
64,-4,29936,Ryan Fox,42.86%,24,56
65,0,51634,Sahith Theegala,41.07%,23,56