RANK,MOVEMENT,PLAYER_ID,PLAYER,%,FAIRWAYS HIT,POSSIBLE FAIRWAYS
1,1,32816,Satoshi Kodaira,83.64%,46,55
1,31,35449,Adam Long,83.64%,46,55
1,0,31560,Brian Stuard,83.64%,46,55
4,0,26596,Ryan Moore,81.82%,45,55
5,0,46717,Viktor Hovland,80.00%,44,55
5,27,51997,Andrew Novak,80.00%,44,55
5,0,30927,Brendon Todd,80.00%,44,55
5,0,52374,Brandon Wu,80.00%,44,55
9,0,34409,David Lingmerth,78.18%,43,55
10,0,19803,Ryan Armour,76.36%,42,55
10,0,34076,Joel Dahmen,76.36%,42,55
10,43,51414,Brent Grant,76.36%,42,55
10,0,39546,Keith Mitchell,76.36%,42,55
14,0,12716,Charley Hoffman,74.55%,41,55
14,0,35532,Tom Hoge,74.55%,41,55
14,0,54783,Dylan Wu,74.55%,41,55
17,29,33653,Thomas Detry,72.73%,40,55
17,6,35901,Paul Haley II,72.73%,40,55
17,0,35461,Beau Hossler,72.73%,40,55
17,0,36801,Mark Hubbard,72.73%,40,55
17,-8,49947,Taylor Moore,72.73%,40,55
22,40,33974,Dean Burmester,70.91%,39,55
22,0,28679,Fabián Gómez,70.91%,39,55
22,10,31577,Tano Goya,70.91%,39,55
22,0,36871,Matt NeSmith,70.91%,39,55
22,0,24140,Sean O'Hair,70.91%,39,55
22,0,47983,Chad Ramey,70.91%,39,55
22,7,55893,Sam Stevens,70.91%,39,55
22,0,32139,Danny Willett,70.91%,39,55
30,0,39954,Cody Gribble,69.09%,38,55
30,0,49766,Hank Lebioda,69.09%,38,55
30,16,46340,Alex Smalley,69.09%,38,55
33,0,33408,Tyson Alexander,67.27%,37,55
33,0,57975,Harry Hall,67.27%,37,55
33,-10,47988,Nick Hardy,67.27%,37,55
33,0,33122,Russell Knox,67.27%,37,55
33,0,33413,Ben Martin,67.27%,37,55
33,26,29289,S.Y. Noh,67.27%,37,55
33,0,28252,Seamus Power,67.27%,37,55
33,-4,47347,Adam Schenk,67.27%,37,55
33,-10,27214,Kevin Streelman,67.27%,37,55
33,0,25493,Nick Taylor,67.27%,37,55
33,-1,45242,Kevin Yu,67.27%,37,55
44,0,27895,Jonas Blixt,65.45%,36,55
44,26,34255,Joseph Bramlett,65.45%,36,55
44,0,47993,Denny McCarthy,65.45%,36,55
44,-41,22405,Justin Rose,65.45%,36,55
44,-12,46441,Robby Shelton,65.45%,36,55
49,0,22371,Aaron Baddeley,63.64%,35,55
49,0,39067,MJ Daffue,63.64%,35,55
49,-40,54421,Garrick Higgo,63.64%,35,55
49,0,48117,Kurt Kitayama,63.64%,35,55
49,4,36724,Augusto Núñez,63.64%,35,55
49,0,51890,Greyson Sigg,63.64%,35,55
49,0,35617,Martin Trainer,63.64%,35,55
49,0,47128,Richy Werenski,63.64%,35,55
57,-38,35310,Lanto Griffin,61.82%,34,55
57,-11,33597,Harry Higgs,61.82%,34,55
57,0,27974,Sung Kang,61.82%,34,55
57,-25,39975,Michael Kim,61.82%,34,55
57,0,30692,Scott Stallings,61.82%,34,55
62,8,33948,Byeong Hun An,60.00%,33,55
62,0,20593,Greg Chalmers,60.00%,33,55
62,0,47591,Eric Cole,60.00%,33,55
62,0,53165,Doc Redman,60.00%,33,55
66,0,52575,Paul O'Hara,58.18%,32,55
66,0,22046,Geoff Ogilvy,58.18%,32,55
66,7,40250,Taylor Pendrith,58.18%,32,55
66,0,52411,Kyle Westmoreland,58.18%,32,55
70,0,34046,Jordan Spieth,56.36%,31,55
70,-11,58967,Trevor Werbylo,56.36%,31,55
72,0,29478,Kevin Kisner,54.55%,30,55
73,-6,48699,Callum Tarren,52.73%,29,55
74,-12,50188,S.H. Kim,50.91%,28,55
74,-55,34466,Peter Malnati,50.91%,28,55