RANK,MOVEMENT,PLAYER_ID,PLAYER,AVG,TOTAL SG:APP,MEASURED ROUNDS
1,0,39977,Max Homa,1.962,7.846,4
2,54,29221,Webb Simpson,1.657,6.626,4
3,0,51766,Wyndham Clark,1.554,6.214,4
4,0,29725,Tony Finau,1.362,5.446,4
5,0,36326,David Lipsky,1.314,5.257,4
6,0,31646,Emiliano Grillo,1.302,5.208,4
7,0,46414,Aaron Rai,1.273,5.092,4
8,0,34256,Andrew Putnam,1.085,4.340,4
9,0,23320,Ryan Palmer,1.073,4.291,4
10,0,50493,Justin Suh,1.057,4.229,4
11,0,47987,Cole Hammer,.970,3.881,4
12,0,34363,Tyrrell Hatton,.944,3.775,4
13,26,40115,Adam Svensson,.904,3.616,4
14,0,46717,Viktor Hovland,.902,3.609,4
15,0,39997,Corey Conners,.849,3.394,4
16,0,57366,Cameron Young,.846,3.384,4
17,0,35450,Patrick Cantlay,.818,3.272,4
18,0,46046,Scottie Scheffler,.815,3.258,4
19,0,48117,Kurt Kitayama,.812,3.246,4
20,0,30927,Brendon Todd,.766,3.065,4
21,0,25198,Francesco Molinari,.743,2.973,4
22,0,28237,Rory McIlroy,.676,2.702,4
23,0,55182,Tom Kim,.656,2.624,4
24,0,33448,Justin Thomas,.647,2.589,4
25,0,33141,Keegan Bradley,.638,2.551,4
26,0,27936,Martin Laird,.599,2.396,4
27,0,46601,Trey Mullinax,.597,2.388,4
28,0,46970,Jon Rahm,.580,2.318,4
29,0,22371,Aaron Baddeley,.554,2.215,4
30,0,34099,Harris English,.553,2.210,4
31,0,40098,Matt Fitzpatrick,.505,2.019,4
32,0,36871,Matt NeSmith,.487,1.948,4
33,0,29936,Ryan Fox,.480,1.918,4
34,0,55789,Taylor Montgomery,.470,1.881,4
35,9,32139,Danny Willett,.442,1.767,4
36,0,23983,Luke Donald,.410,1.641,4
37,0,30911,Tommy Fleetwood,.355,1.421,4
38,-20,47995,Davis Riley,.351,1.403,4
39,0,51634,Sahith Theegala,.326,1.304,4
40,-13,56762,Will Gordon,.300,1.199,4
41,38,20766,Padraig Harrington,.291,1.164,4
42,-34,30926,Chris Kirk,.229,.917,4
43,0,52955,Ludvig Åberg,.224,.897,4
44,0,47483,Will Zalatoris,.202,.808,4
45,0,39546,Keith Mitchell,.171,.682,4
46,0,34046,Jordan Spieth,.167,.668,4
47,0,32102,Rickie Fowler,.121,.484,4
48,-41,34409,David Lingmerth,.118,.471,4
49,0,48081,Xander Schauffele,.115,.459,4
50,0,32791,K.H. Lee,.093,.372,4
51,0,28089,Jason Day,-.022,-.089,4
52,0,47347,Adam Schenk,-.038,-.152,4
53,0,35506,Mackenzie Hughes,-.063,-.254,4
54,14,50188,S.H. Kim,-.084,-.335,4
55,0,33653,Thomas Detry,-.154,-.615,4
56,4,39971,Sungjae Im,-.176,-.704,4
57,-41,59836,Pierceson Coody,-.233,-.932,4
58,0,52411,Kyle Westmoreland,-.344,-1.375,4
59,0,51890,Greyson Sigg,-.398,-1.591,4
60,0,24502,Adam Scott,-.408,-1.632,4
61,0,27349,Alex Noren,-.409,-1.635,4
62,0,37455,Si Woo Kim,-.413,-1.651,4
63,-40,24024,Zach Johnson,-.543,-2.171,4
64,0,34098,Russell Henley,-.553,-2.211,4
65,-36,46441,Robby Shelton,-.641,-2.565,4
66,-53,33204,Shane Lowry,-.691,-2.766,4
67,-29,48119,Ben Taylor,-.847,-3.390,4
68,0,58168,Davis Thompson,-1.014,-4.058,4
69,-15,54591,Ben Griffin,-1.105,-4.419,4
70,0,28252,Seamus Power,-1.355,-5.419,4
71,0,59871,Greg Koch,-1.583,-6.334,4
72,0,49947,Taylor Moore,-2.373,-9.494,4