RANK,MOVEMENT,PLAYER_ID,PLAYER,AVG,TOTAL SG:APP,MEASURED ROUNDS
1,0,50525,Collin Morikawa,2.321,9.283,4
2,0,35532,Tom Hoge,2.210,8.838,4
3,9,34363,Tyrrell Hatton,2.068,8.271,4
4,14,46046,Scottie Scheffler,1.882,7.529,4
5,9,46717,Viktor Hovland,1.820,7.279,4
6,56,37455,Si Woo Kim,1.775,7.098,4
7,59,33204,Shane Lowry,1.605,6.420,4
8,40,34409,David Lingmerth,1.599,6.395,4
9,28,30911,Tommy Fleetwood,1.232,4.928,4
10,-9,39977,Max Homa,1.176,4.704,4
11,35,34046,Jordan Spieth,1.129,4.517,4
12,5,35450,Patrick Cantlay,1.079,4.316,4
13,27,56762,Will Gordon,1.071,4.284,4
14,-10,29725,Tony Finau,1.056,4.222,4
15,0,22405,Justin Rose,1.052,4.209,4
16,5,25198,Francesco Molinari,1.012,4.047,4
17,0,31323,Gary Woodland,.996,3.983,4
18,54,49947,Taylor Moore,.953,3.813,4
19,5,33448,Justin Thomas,.889,3.556,4
20,0,45522,Christiaan Bezuidenhout,.840,3.358,4
21,0,50095,Austin Smotherman,.766,3.065,4
22,29,28089,Jason Day,.722,2.887,4
23,0,32839,Hideki Matsuyama,.713,2.851,4
24,-17,46414,Aaron Rai,.694,2.776,4
25,0,32757,Patton Kizzire,.684,2.735,4
26,21,32102,Rickie Fowler,.652,2.606,4
27,-14,40115,Adam Svensson,.625,2.500,4
28,0,45609,Tyler Duncan,.609,2.435,4
29,6,32139,Danny Willett,.604,2.417,4
30,0,36799,Stephan Jaeger,.571,2.283,4
31,18,48081,Xander Schauffele,.532,2.128,4
32,24,39971,Sungjae Im,.530,2.119,4
33,0,34563,Chesson Hadley,.526,2.102,4
34,0,49960,Sepp Straka,.513,2.050,4
35,0,54421,Garrick Higgo,.494,1.975,4
36,0,33399,Adam Hadwin,.450,1.799,4
37,-27,50493,Justin Suh,.355,1.418,4
38,6,47483,Will Zalatoris,.349,1.396,4
39,-23,57366,Cameron Young,.323,1.291,4
40,-20,30927,Brendon Todd,.303,1.213,4
41,0,34076,Joel Dahmen,.280,1.120,4
41,0,36801,Mark Hubbard,.280,1.120,4
43,26,54591,Ben Griffin,.271,1.083,4
44,0,47591,Eric Cole,.202,.807,4
45,0,33948,Byeong Hun An,.198,.791,4
45,0,54783,Dylan Wu,.198,.792,4
47,17,34098,Russell Henley,.164,.654,4
48,-15,29936,Ryan Fox,.050,.201,4
49,0,47993,Denny McCarthy,.043,.172,4
50,-5,39546,Keith Mitchell,.026,.102,4
51,0,08075,Jerry Kelly,-.018,-.074,4
52,0,33413,Ben Martin,-.033,-.132,4
53,-50,51766,Wyndham Clark,-.057,-.229,4
54,-31,55182,Tom Kim,-.090,-.362,4
55,0,34610,Matthias Schwab,-.114,-.457,4
56,0,45157,Cam Davis,-.214,-.856,4
57,0,52374,Brandon Wu,-.237,-.948,4
58,0,47504,Sam Burns,-.245,-.979,4
59,0,28775,Nate Lashley,-.409,-1.637,4
60,0,46442,Maverick McNealy,-.619,-2.476,4
61,0,27644,Brian Harman,-.657,-2.630,4
62,0,46340,Alex Smalley,-.703,-2.814,4
63,0,29478,Kevin Kisner,-.742,-2.970,4
64,-35,22371,Aaron Baddeley,-.769,-3.077,4
65,0,40250,Taylor Pendrith,-.829,-3.317,4
66,0,30692,Scott Stallings,-.942,-3.770,4
67,0,25900,Lucas Glover,-.952,-3.810,4
68,-34,55789,Taylor Montgomery,-1.058,-4.234,4
69,0,49298,Kramer Hickok,-1.107,-4.429,4
70,0,37275,Sam Ryder,-1.295,-5.182,4
71,-32,51634,Sahith Theegala,-1.332,-5.330,4
72,0,37378,Min Woo Lee,-1.471,-5.884,4
73,-13,24502,Adam Scott,-1.564,-6.258,4
74,-6,58168,Davis Thompson,-2.276,-9.104,4
75,0,47983,Chad Ramey,-2.374,-9.496,4