RANK,MOVEMENT,PLAYER_ID,PLAYER,AVG,TOTAL SG:APP,MEASURED ROUNDS
1,0,26476,Chez Reavie,1.852,7.409,4
2,0,29725,Tony Finau,1.778,7.114,4
3,0,48081,Xander Schauffele,1.755,7.021,4
4,0,46970,Jon Rahm,1.749,6.995,4
5,0,46717,Viktor Hovland,1.524,6.095,4
6,0,34046,Jordan Spieth,1.493,5.971,4
7,0,27214,Kevin Streelman,1.438,5.752,4
8,0,36699,Patrick Rodgers,1.405,5.620,4
9,0,55708,Hayden Buckley,1.396,5.584,4
10,0,40098,Matt Fitzpatrick,1.253,5.013,4
11,0,46046,Scottie Scheffler,1.212,4.847,4
12,0,35450,Patrick Cantlay,1.202,4.807,4
13,0,46414,Aaron Rai,1.092,4.369,4
14,0,33448,Justin Thomas,1.047,4.190,4
15,0,40115,Adam Svensson,1.002,4.007,4
16,0,34256,Andrew Putnam,.932,3.727,4
17,0,52513,Carson Young,.930,3.719,4
18,0,45157,Cam Davis,.863,3.451,4
19,0,32139,Danny Willett,.792,3.170,4
20,0,45522,Christiaan Bezuidenhout,.750,3.000,4
21,0,31646,Emiliano Grillo,.674,2.698,4
22,0,57366,Cameron Young,.668,2.673,4
23,0,34098,Russell Henley,.528,2.112,4
24,0,36801,Mark Hubbard,.492,1.969,4
25,0,32150,Michael Thompson,.489,1.956,4
26,0,25632,Jimmy Walker,.463,1.853,4
27,0,32757,Patton Kizzire,.449,1.797,4
28,0,39997,Corey Conners,.448,1.793,4
29,0,39971,Sungjae Im,.436,1.745,4
30,0,39058,Lucas Herbert,.430,1.721,4
31,0,47504,Sam Burns,.408,1.632,4
32,0,50525,Collin Morikawa,.361,1.445,4
33,0,28775,Nate Lashley,.349,1.397,4
34,0,51766,Wyndham Clark,.337,1.348,4
35,0,30926,Chris Kirk,.312,1.250,4
36,0,33413,Ben Martin,.304,1.216,4
37,0,33204,Shane Lowry,.266,1.064,4
38,0,32102,Rickie Fowler,.228,.912,4
39,0,31323,Gary Woodland,.208,.833,4
40,0,30911,Tommy Fleetwood,.196,.783,4
41,0,22405,Justin Rose,.190,.762,4
42,0,24024,Zach Johnson,.158,.634,4
43,0,34363,Tyrrell Hatton,.137,.549,4
44,0,54628,Lee Hodges,.127,.510,4
45,0,47347,Adam Schenk,.125,.499,4
46,0,24502,Adam Scott,.107,.429,4
47,0,25493,Nick Taylor,.104,.417,4
48,0,34099,Harris English,.088,.354,4
49,0,40162,Justin Lower,.066,.264,4
50,0,06522,Ernie Els,.049,.198,4
51,0,27644,Brian Harman,-.012,-.049,4
51,0,23108,Matt Kuchar,-.012,-.048,4
53,0,31557,Jim Herman,-.018,-.073,4
54,0,58168,Davis Thompson,-.019,-.076,4
55,0,35461,Beau Hossler,-.261,-1.044,4
56,0,36871,Matt NeSmith,-.262,-1.049,4
57,0,52375,Doug Ghim,-.274,-1.096,4
58,0,47993,Denny McCarthy,-.282,-1.126,4
59,0,35449,Adam Long,-.289,-1.157,4
60,0,33141,Keegan Bradley,-.427,-1.706,4
61,0,50095,Austin Smotherman,-.491,-1.965,4
62,0,30692,Scott Stallings,-.517,-2.068,4
63,0,32791,K.H. Lee,-.523,-2.090,4
64,0,30927,Brendon Todd,-.537,-2.149,4
65,0,49298,Kramer Hickok,-.617,-2.467,4
66,0,49947,Taylor Moore,-.675,-2.700,4
67,0,23983,Luke Donald,-.708,-2.830,4
68,0,51634,Sahith Theegala,-.777,-3.109,4
69,0,54591,Ben Griffin,-.930,-3.721,4
70,0,32448,James Hahn,-.960,-3.840,4
71,0,50493,Justin Suh,-1.009,-4.037,4
72,0,51950,Max McGreevy,-1.475,-5.901,4
73,0,54421,Garrick Higgo,-1.549,-6.197,4