RANK,MOVEMENT,PLAYER_ID,PLAYER,AVG,TOTAL SG:APP,MEASURED ROUNDS
1,0,46717,Viktor Hovland,2.914,11.656,4
2,0,49960,Sepp Straka,2.441,9.766,4
3,0,48117,Kurt Kitayama,2.017,8.070,4
4,0,28237,Rory McIlroy,1.677,6.707,4
5,14,46046,Scottie Scheffler,1.469,5.878,4
6,0,33204,Shane Lowry,1.362,5.448,4
7,0,36689,Brooks Koepka,1.330,5.320,4
8,0,45157,Cam Davis,1.288,5.152,4
9,0,22405,Justin Rose,1.169,4.677,4
10,0,47679,Victor Perez,1.088,4.353,4
11,0,47529,Mito Pereira,1.056,4.223,4
12,0,35450,Patrick Cantlay,1.047,4.188,4
13,29,47591,Eric Cole,0.977,3.908,4
14,0,51634,Sahith Theegala,0.918,3.674,4
15,0,47959,Bryson DeChambeau,0.916,3.664,4
16,0,48699,Callum Tarren,0.882,3.528,4
17,-5,32839,Hideki Matsuyama,0.866,3.466,4
18,0,47993,Denny McCarthy,0.825,3.302,4
19,0,34046,Jordan Spieth,0.800,3.202,4
20,0,50525,Collin Morikawa,0.796,3.183,4
21,0,26476,Chez Reavie,0.756,3.025,4
22,23,34363,Tyrrell Hatton,0.755,3.020,4
23,0,35891,Cameron Smith,0.708,2.833,4
24,32,36799,Stephan Jaeger,0.703,2.812,4
25,0,46340,Alex Smalley,0.684,2.736,4
26,0,32369,Sihwan Kim,0.622,2.490,4
27,33,24502,Adam Scott,0.616,2.464,4
28,0,22764,Michael Block,0.593,2.371,4
29,0,39997,Corey Conners,0.577,2.309,4
30,0,30926,Chris Kirk,0.498,1.992,4
31,0,33141,Keegan Bradley,0.459,1.835,4
31,0,48051,Yannik Paul,0.459,1.835,4
33,-16,36871,Matt NeSmith,0.449,1.796,4
34,0,33674,Adrian Meronk,0.438,1.752,4
35,0,33653,Thomas Detry,0.424,1.697,4
36,0,48081,Xander Schauffele,0.382,1.528,4
37,0,35532,Tom Hoge,0.377,1.508,4
38,0,46970,Jon Rahm,0.364,1.456,4
39,0,30911,Tommy Fleetwood,0.362,1.449,4
40,0,34076,Joel Dahmen,0.331,1.326,4
41,0,49771,J.T. Poston,0.282,1.129,4
42,0,33293,Thomas Pieters,0.242,0.969,4
43,0,50493,Justin Suh,0.231,0.926,4
44,0,39058,Lucas Herbert,0.189,0.757,4
45,0,33448,Justin Thomas,0.187,0.749,4
46,0,33974,Dean Burmester,0.173,0.694,4
47,0,36801,Mark Hubbard,0.172,0.687,4
48,0,47056,Rikuya Hoshino,0.167,0.670,4
49,0,24024,Zach Johnson,0.165,0.659,4
50,0,55708,Hayden Buckley,0.125,0.500,4
51,0,29936,Ryan Fox,0.107,0.427,4
51,0,20766,Padraig Harrington,0.107,0.428,4
53,0,34360,Patrick Reed,0.096,0.384,4
54,0,54628,Lee Hodges,0.006,0.024,4
55,0,33399,Adam Hadwin,-0.036,-0.142,4
56,0,37189,Harold Varner III,-0.181,-0.723,4
57,0,48887,Matt Wallace,-0.276,-1.102,4
58,0,39977,Max Homa,-0.280,-1.119,4
59,0,01810,Phil Mickelson,-0.293,-1.171,4
60,-59,32791,K.H. Lee,-0.367,-1.466,4
61,0,36699,Patrick Rodgers,-0.467,-1.869,4
62,0,40250,Taylor Pendrith,-0.480,-1.920,4
63,0,48119,Ben Taylor,-0.506,-2.023,4
64,0,52453,Nicolai Hojgaard,-0.514,-2.056,4
65,0,39546,Keith Mitchell,-0.546,-2.183,4
66,0,40115,Adam Svensson,-0.547,-2.189,4
67,0,30925,Dustin Johnson,-0.705,-2.820,4
67,-46,55893,Sam Stevens,-0.705,-2.820,4
69,0,37378,Min Woo Lee,-0.706,-2.823,4
70,0,29725,Tony Finau,-0.707,-2.828,4
71,0,35461,Beau Hossler,-0.729,-2.916,4
72,0,49947,Taylor Moore,-0.751,-3.003,4
73,0,45523,Thriston Lawrence,-0.811,-3.242,4
74,-28,55789,Taylor Montgomery,-0.963,-3.850,4
75,0,35778,Kazuki Higa,-1.057,-4.228,4
76,0,29670,Pablo Larrazabal,-1.368,-5.472,4