RANK,MOVEMENT,PLAYER_ID,PLAYER,AVG,TOTAL SG:APP,MEASURED ROUNDS
1,0,32839,Hideki Matsuyama,2.036,8.143,4
2,29,30911,Tommy Fleetwood,1.943,7.772,4
3,0,48822,Sebastián Muñoz,1.877,7.507,4
4,0,34098,Russell Henley,1.801,7.202,4
5,0,55182,Tom Kim,1.750,7.000,4
6,0,46046,Scottie Scheffler,1.640,6.560,4
7,0,31323,Gary Woodland,1.571,6.284,4
8,0,46464,Jordan Smith,1.551,6.205,4
9,35,28237,Rory McIlroy,1.473,5.893,4
10,0,35891,Cameron Smith,1.303,5.210,4
11,0,50525,Collin Morikawa,1.255,5.018,4
12,0,29725,Tony Finau,1.241,4.965,4
13,38,47591,Eric Cole,1.220,4.879,4
14,35,51634,Sahith Theegala,1.215,4.859,4
15,0,48081,Xander Schauffele,1.188,4.751,4
16,0,27644,Brian Harman,1.118,4.470,4
17,0,30925,Dustin Johnson,1.105,4.421,4
18,0,57362,Austin Eckroat,0.987,3.946,4
19,0,27214,Kevin Streelman,0.968,3.871,4
20,0,29936,Ryan Fox,0.849,3.395,4
21,0,46970,Jon Rahm,0.825,3.300,4
22,0,55893,Sam Stevens,0.689,2.754,4
23,0,32102,Rickie Fowler,0.652,2.609,4
24,0,47988,Nick Hardy,0.613,2.451,4
25,-18,33399,Adam Hadwin,0.523,2.090,4
26,24,40098,Matt Fitzpatrick,0.499,1.994,4
27,0,48632,Yuto Katsuragawa,0.492,1.968,4
28,0,64442,Gordon Sargent,0.476,1.904,4
29,-11,34363,Tyrrell Hatton,0.433,1.732,4
30,0,12716,Charley Hoffman,0.389,1.557,4
31,0,47959,Bryson DeChambeau,0.379,1.514,4
32,0,47504,Sam Burns,0.334,1.336,4
33,0,37378,Min Woo Lee,0.297,1.189,4
34,0,51766,Wyndham Clark,0.265,1.058,4
35,0,34256,Andrew Putnam,0.232,0.929,4
36,0,50493,Justin Suh,0.231,0.924,4
37,0,29420,Billy Horschel,0.224,0.895,4
38,0,36689,Brooks Koepka,0.204,0.817,4
39,0,28521,Ryutaro Nagano,0.161,0.642,4
40,0,47993,Denny McCarthy,0.135,0.540,4
41,-28,54783,Dylan Wu,0.132,0.529,4
42,0,35506,Mackenzie Hughes,0.120,0.481,4
43,0,45526,Abraham Ancer,0.088,0.351,4
44,17,57366,Cameron Young,0.014,0.054,4
45,0,37455,Si Woo Kim,0.007,0.028,4
46,-17,33204,Shane Lowry,-0.029,-0.115,4
47,0,20766,Padraig Harrington,-0.036,-0.144,4
48,0,63343,Aldrich Potgieter,-0.110,-0.440,4
49,0,39546,Keith Mitchell,-0.127,-0.509,4
50,0,46717,Viktor Hovland,-0.134,-0.537,4
51,0,45486,Joaquin Niemann,-0.204,-0.815,4
52,0,34099,Harris English,-0.248,-0.993,4
53,0,60006,Ben Carr,-0.249,-0.996,4
54,0,30852,Ryo Ishikawa,-0.257,-1.028,4
55,0,58669,Jacob Solomon,-0.334,-1.338,4
56,0,35450,Patrick Cantlay,-0.357,-1.428,4
57,0,57860,Maxwell Moldovan,-0.360,-1.442,4
57,0,61193,David Puig,-0.360,-1.442,4
59,-11,59652,Sam Bennett,-0.430,-1.719,4
60,0,36699,Patrick Rodgers,-0.611,-2.444,4
61,0,21209,Sergio Garcia,-0.648,-2.594,4
62,0,40115,Adam Svensson,-0.692,-2.769,4
63,0,37250,Romain Langasque,-0.799,-3.195,4
64,0,34360,Patrick Reed,-1.048,-4.192,4
65,-32,59018,Ryan Gerard,-1.170,-4.681,4