RANK,MOVEMENT,PLAYER_ID,PLAYER,AVG,TOTAL SG:APP,MEASURED ROUNDS
1,1,46046,Scottie Scheffler,2.780,11.119,4
2,25,27129,Luke List,1.964,7.856,4
3,0,46970,Jon Rahm,1.878,7.512,4
4,55,49960,Sepp Straka,1.598,6.390,4
5,12,47347,Adam Schenk,1.566,6.262,4
6,0,47995,Davis Riley,1.275,5.099,4
7,39,34256,Andrew Putnam,1.216,4.862,4
8,0,37275,Sam Ryder,1.168,4.673,4
9,20,34098,Russell Henley,1.079,4.316,4
10,21,37455,Si Woo Kim,1.024,4.094,4
11,0,32839,Hideki Matsuyama,0.990,3.960,4
12,0,33204,Shane Lowry,0.976,3.904,4
13,13,35532,Tom Hoge,0.918,3.670,4
14,0,48081,Xander Schauffele,0.848,3.393,4
15,0,40098,Matt Fitzpatrick,0.810,3.239,4
16,0,27649,Brandt Snedeker,0.726,2.903,4
17,0,35450,Patrick Cantlay,0.678,2.713,4
18,0,39971,Sungjae Im,0.617,2.468,4
19,0,39546,Keith Mitchell,0.595,2.380,4
20,50,36799,Stephan Jaeger,0.578,2.310,4
21,0,31323,Gary Woodland,0.574,2.296,4
22,-3,32102,Rickie Fowler,0.572,2.287,4
23,0,58168,Davis Thompson,0.523,2.092,4
24,-21,36801,Mark Hubbard,0.516,2.065,4
25,13,33653,Thomas Detry,0.509,2.034,4
26,-17,54628,Lee Hodges,0.505,2.021,4
27,9,36326,David Lipsky,0.421,1.685,4
28,0,40250,Taylor Pendrith,0.407,1.629,4
29,-22,33948,Byeong Hun An,0.375,1.499,4
30,0,51766,Wyndham Clark,0.368,1.473,4
31,2,47504,Sam Burns,0.338,1.352,4
32,0,49771,J.T. Poston,0.318,1.271,4
33,22,23983,Luke Donald,0.273,1.093,4
34,0,47993,Denny McCarthy,0.236,0.945,4
35,0,34046,Jordan Spieth,0.225,0.900,4
36,0,59652,Sam Bennett,0.219,0.876,4
37,30,36699,Patrick Rodgers,0.207,0.829,4
38,2,45522,Christiaan Bezuidenhout,0.196,0.783,4
39,-31,31646,Emiliano Grillo,0.156,0.625,4
40,25,46717,Viktor Hovland,0.129,0.516,4
41,-23,57362,Austin Eckroat,0.058,0.232,4
42,20,27349,Alex Noren,-0.024,-0.095,4
43,0,34255,Joseph Bramlett,-0.204,-0.815,4
44,0,47591,Eric Cole,-0.247,-0.989,4
45,-7,39324,J.J. Spaun,-0.268,-1.071,4
46,-31,29936,Ryan Fox,-0.314,-1.256,4
47,-37,50493,Justin Suh,-0.316,-1.263,4
48,0,51634,Sahith Theegala,-0.365,-1.462,4
49,0,28237,Rory McIlroy,-0.386,-1.545,4
50,0,55789,Taylor Montgomery,-0.397,-1.588,4
51,20,35461,Beau Hossler,-0.432,-1.730,4
52,0,20229,Stewart Cink,-0.516,-2.065,4
53,0,33141,Keegan Bradley,-0.533,-2.131,4
54,0,34363,Tyrrell Hatton,-0.534,-2.136,4
55,0,24502,Adam Scott,-0.548,-2.192,4
56,0,28252,Seamus Power,-0.621,-2.485,4
57,-15,55893,Sam Stevens,-0.649,-2.598,4
58,0,32139,Danny Willett,-0.662,-2.650,4
59,-9,26476,Chez Reavie,-0.733,-2.931,4
60,0,48887,Matt Wallace,-0.800,-3.202,4
61,0,54421,Garrick Higgo,-0.807,-3.230,4
62,0,50188,S.H. Kim,-0.835,-3.342,4
63,0,35310,Lanto Griffin,-0.884,-3.537,4
64,0,23108,Matt Kuchar,-1.091,-4.363,4
65,-49,34099,Harris English,-1.207,-4.829,4