RANK,MOVEMENT,PLAYER_ID,PLAYER,%,TOTAL 3 PUTTS,TOTAL HOLES (OVERALL)
1,0,34098,Russell Henley,.00,0,72
1,33,37455,Si Woo Kim,.00,0,72
3,-2,30926,Chris Kirk,1.39,1,72
3,0,50525,Collin Morikawa,1.39,1,72
3,0,45486,Joaquin Niemann,1.39,1,72
3,0,28252,Seamus Power,1.39,1,72
3,0,34360,Patrick Reed,1.39,1,72
3,0,22405,Justin Rose,1.39,1,72
3,0,35891,Cameron Smith,1.39,1,72
3,0,51634,Sahith Theegala,1.39,1,72
3,0,57366,Cameron Young,1.39,1,72
12,0,59652,Sam Bennett,2.78,2,72
12,0,33141,Keegan Bradley,2.78,2,72
12,0,01226,Fred Couples,2.78,2,72
12,0,29725,Tony Finau,2.78,2,72
12,0,46402,Talor Gooch,2.78,2,72
12,0,29420,Billy Horschel,2.78,2,72
12,0,35506,Mackenzie Hughes,2.78,2,72
12,0,30925,Dustin Johnson,2.78,2,72
12,0,24024,Zach Johnson,2.78,2,72
12,0,36689,Brooks Koepka,2.78,2,72
12,0,32791,K.H. Lee,2.78,2,72
12,-11,32839,Hideki Matsuyama,2.78,2,72
12,0,01810,Phil Mickelson,2.78,2,72
12,0,39546,Keith Mitchell,2.78,2,72
12,0,49771,J.T. Poston,2.78,2,72
12,0,26331,Charl Schwartzel,2.78,2,72
12,0,24502,Adam Scott,2.78,2,72
12,0,34046,Jordan Spieth,2.78,2,72
12,0,30692,Scott Stallings,2.78,2,72
31,0,40098,Matt Fitzpatrick,4.17,3,72
31,0,30911,Tommy Fleetwood,4.17,3,72
31,0,29936,Ryan Fox,4.17,3,72
31,0,39977,Max Homa,4.17,3,72
31,0,46717,Viktor Hovland,4.17,3,72
31,0,55182,Tom Kim,4.17,3,72
31,0,33204,Shane Lowry,4.17,3,72
31,0,48081,Xander Schauffele,4.17,3,72
31,0,46046,Scottie Scheffler,4.17,3,72
31,0,37189,Harold Varner III,4.17,3,72
31,0,31323,Gary Woodland,4.17,3,72
42,0,45526,Abraham Ancer,5.56,4,72
42,0,47504,Sam Burns,5.56,4,72
42,0,28089,Jason Day,5.56,4,72
42,0,34099,Harris English,5.56,4,72
42,0,34363,Tyrrell Hatton,5.56,4,72
42,0,39971,Sungjae Im,5.56,4,72
42,0,49947,Taylor Moore,5.56,4,72
42,0,47529,Mito Pereira,5.56,4,72
42,-23,49960,Sepp Straka,5.56,4,72
51,0,35450,Patrick Cantlay,6.94,5,72
51,0,46970,Jon Rahm,6.94,5,72
53,0,33293,Thomas Pieters,8.33,6,72