RANK,MOVEMENT,PLAYER_ID,PLAYER,%,TOTAL 3 PUTTS,TOTAL HOLES (OVERALL)
1,0,33948,Byeong Hun An,.00,0,72
1,0,22371,Aaron Baddeley,.00,0,72
1,0,45522,Christiaan Bezuidenhout,.00,0,72
1,0,47591,Eric Cole,.00,0,72
1,0,27644,Brian Harman,.00,0,72
1,0,36801,Mark Hubbard,.00,0,72
1,0,46442,Maverick McNealy,.00,0,72
1,53,55789,Taylor Montgomery,.00,0,72
1,0,37275,Sam Ryder,.00,0,72
1,0,46046,Scottie Scheffler,.00,0,72
1,0,50095,Austin Smotherman,.00,0,72
1,14,34046,Jordan Spieth,.00,0,72
1,0,52374,Brandon Wu,.00,0,72
14,0,47504,Sam Burns,1.39,1,72
14,21,51766,Wyndham Clark,1.39,1,72
14,0,34076,Joel Dahmen,1.39,1,72
14,0,45157,Cam Davis,1.39,1,72
14,21,28089,Jason Day,1.39,1,72
14,54,29725,Tony Finau,1.39,1,72
14,54,56762,Will Gordon,1.39,1,72
14,21,34363,Tyrrell Hatton,1.39,1,72
14,21,39977,Max Homa,1.39,1,72
14,0,08075,Jerry Kelly,1.39,1,72
14,-13,55182,Tom Kim,1.39,1,72
14,0,32757,Patton Kizzire,1.39,1,72
14,0,28775,Nate Lashley,1.39,1,72
14,0,37378,Min Woo Lee,1.39,1,72
14,21,33204,Shane Lowry,1.39,1,72
14,0,47993,Denny McCarthy,1.39,1,72
14,1,39546,Keith Mitchell,1.39,1,72
14,0,47983,Chad Ramey,1.39,1,72
14,-13,48081,Xander Schauffele,1.39,1,72
14,0,34610,Matthias Schwab,1.39,1,72
14,0,30692,Scott Stallings,1.39,1,72
14,0,49960,Sepp Straka,1.39,1,72
14,1,40115,Adam Svensson,1.39,1,72
14,40,58168,Davis Thompson,1.39,1,72
14,1,30927,Brendon Todd,1.39,1,72
14,40,32139,Danny Willett,1.39,1,72
14,0,54783,Dylan Wu,1.39,1,72
41,13,35450,Patrick Cantlay,2.78,2,72
41,-26,32102,Rickie Fowler,2.78,2,72
41,-26,29936,Ryan Fox,2.78,2,72
41,0,25900,Lucas Glover,2.78,2,72
41,-40,54591,Ben Griffin,2.78,2,72
41,0,34563,Chesson Hadley,2.78,2,72
41,13,34098,Russell Henley,2.78,2,72
41,0,49298,Kramer Hickok,2.78,2,72
41,0,54421,Garrick Higgo,2.78,2,72
41,-6,46717,Viktor Hovland,2.78,2,72
41,13,39971,Sungjae Im,2.78,2,72
41,-6,37455,Si Woo Kim,2.78,2,72
41,0,29478,Kevin Kisner,2.78,2,72
41,-6,34409,David Lingmerth,2.78,2,72
41,0,33413,Ben Martin,2.78,2,72
41,0,40250,Taylor Pendrith,2.78,2,72
41,0,22405,Justin Rose,2.78,2,72
41,-6,24502,Adam Scott,2.78,2,72
41,0,46340,Alex Smalley,2.78,2,72
41,-26,50493,Justin Suh,2.78,2,72
61,0,33399,Adam Hadwin,4.17,3,72
61,0,35532,Tom Hoge,4.17,3,72
61,0,32839,Hideki Matsuyama,4.17,3,72
61,0,50525,Collin Morikawa,4.17,3,72
61,-60,57366,Cameron Young,4.17,3,72
66,-12,30911,Tommy Fleetwood,5.56,4,72
66,0,36799,Stephan Jaeger,5.56,4,72
66,-31,46414,Aaron Rai,5.56,4,72
66,-51,51634,Sahith Theegala,5.56,4,72
66,-31,33448,Justin Thomas,5.56,4,72
66,0,31323,Gary Woodland,5.56,4,72
66,-51,47483,Will Zalatoris,5.56,4,72
73,-38,25198,Francesco Molinari,6.94,5,72
73,-72,49947,Taylor Moore,6.94,5,72
75,0,45609,Tyler Duncan,9.72,7,72