RANK,MOVEMENT,PLAYER_ID,PLAYER,%,TOTAL 3 PUTTS,TOTAL HOLES (OVERALL)
1,0,45522,Christiaan Bezuidenhout,.00,0,72
1,11,33141,Keegan Bradley,.00,0,72
1,0,51766,Wyndham Clark,.00,0,72
1,0,23983,Luke Donald,.00,0,72
1,0,06522,Ernie Els,.00,0,72
1,30,40098,Matt Fitzpatrick,.00,0,72
1,0,54591,Ben Griffin,.00,0,72
1,0,32448,James Hahn,.00,0,72
1,41,34363,Tyrrell Hatton,.00,0,72
1,0,34098,Russell Henley,.00,0,72
1,0,31557,Jim Herman,.00,0,72
1,0,54421,Garrick Higgo,.00,0,72
1,0,54628,Lee Hodges,.00,0,72
1,0,35461,Beau Hossler,.00,0,72
1,0,36801,Mark Hubbard,.00,0,72
1,41,39971,Sungjae Im,.00,0,72
1,0,32757,Patton Kizzire,.00,0,72
1,0,28775,Nate Lashley,.00,0,72
1,11,32791,K.H. Lee,.00,0,72
1,30,33204,Shane Lowry,.00,0,72
1,41,49947,Taylor Moore,.00,0,72
1,30,46046,Scottie Scheffler,.00,0,72
1,11,24502,Adam Scott,.00,0,72
1,0,50095,Austin Smotherman,.00,0,72
1,0,50493,Justin Suh,.00,0,72
1,2,51634,Sahith Theegala,.00,0,72
1,0,58168,Davis Thompson,.00,0,72
1,2,57366,Cameron Young,.00,0,72
1,0,52513,Carson Young,.00,0,72
30,0,55708,Hayden Buckley,1.39,1,72
30,12,47504,Sam Burns,1.39,1,72
30,21,35450,Patrick Cantlay,1.39,1,72
30,0,39997,Corey Conners,1.39,1,72
30,-18,29725,Tony Finau,1.39,1,72
30,1,30911,Tommy Fleetwood,1.39,1,72
30,0,32102,Rickie Fowler,1.39,1,72
30,0,52375,Doug Ghim,1.39,1,72
30,0,31646,Emiliano Grillo,1.39,1,72
30,0,27644,Brian Harman,1.39,1,72
30,0,39058,Lucas Herbert,1.39,1,72
30,1,46717,Viktor Hovland,1.39,1,72
30,-18,24024,Zach Johnson,1.39,1,72
30,0,23108,Matt Kuchar,1.39,1,72
30,0,35449,Adam Long,1.39,1,72
30,0,47993,Denny McCarthy,1.39,1,72
30,0,51950,Max McGreevy,1.39,1,72
30,-27,50525,Collin Morikawa,1.39,1,72
30,0,36871,Matt NeSmith,1.39,1,72
30,0,34256,Andrew Putnam,1.39,1,72
30,0,26476,Chez Reavie,1.39,1,72
30,0,36699,Patrick Rodgers,1.39,1,72
30,-18,34046,Jordan Spieth,1.39,1,72
30,0,40115,Adam Svensson,1.39,1,72
30,0,33448,Justin Thomas,1.39,1,72
30,0,32150,Michael Thompson,1.39,1,72
30,0,25632,Jimmy Walker,1.39,1,72
30,0,32139,Danny Willett,1.39,1,72
58,-16,34099,Harris English,2.78,2,72
58,-55,30926,Chris Kirk,2.78,2,72
58,0,33413,Ben Martin,2.78,2,72
58,-7,46970,Jon Rahm,2.78,2,72
58,0,46414,Aaron Rai,2.78,2,72
58,0,47347,Adam Schenk,2.78,2,72
58,0,27214,Kevin Streelman,2.78,2,72
58,0,25493,Nick Taylor,2.78,2,72
58,0,30927,Brendon Todd,2.78,2,72
58,-27,31323,Gary Woodland,2.78,2,72
68,0,45157,Cam Davis,4.17,3,72
68,0,49298,Kramer Hickok,4.17,3,72
68,0,40162,Justin Lower,4.17,3,72
68,-65,22405,Justin Rose,4.17,3,72
68,-37,48081,Xander Schauffele,4.17,3,72
73,-61,30692,Scott Stallings,5.56,4,72