RANK,MOVEMENT,PLAYER_ID,PLAYER,%,TOTAL 3 PUTTS,TOTAL HOLES (OVERALL)
1,0,22371,Aaron Baddeley,.00,0,72
1,0,34099,Harris English,.00,0,72
1,67,54591,Ben Griffin,.00,0,72
1,0,55182,Tom Kim,.00,0,72
1,0,30926,Chris Kirk,.00,0,72
1,0,28237,Rory McIlroy,.00,0,72
1,0,49947,Taylor Moore,.00,0,72
1,0,27349,Alex Noren,.00,0,72
1,27,47995,Davis Riley,.00,0,72
1,0,48081,Xander Schauffele,.00,0,72
1,0,46046,Scottie Scheffler,.00,0,72
1,27,46441,Robby Shelton,.00,0,72
1,49,48119,Ben Taylor,.00,0,72
1,0,57366,Cameron Young,.00,0,72
15,0,52955,Ludvig Åberg,1.39,1,72
15,0,33141,Keegan Bradley,1.39,1,72
15,13,59836,Pierceson Coody,1.39,1,72
15,0,33653,Thomas Detry,1.39,1,72
15,0,40098,Matt Fitzpatrick,1.39,1,72
15,0,32102,Rickie Fowler,1.39,1,72
15,0,29936,Ryan Fox,1.39,1,72
15,0,32791,K.H. Lee,1.39,1,72
15,0,39546,Keith Mitchell,1.39,1,72
15,0,36871,Matt NeSmith,1.39,1,72
15,0,34256,Andrew Putnam,1.39,1,72
15,0,46970,Jon Rahm,1.39,1,72
15,0,51890,Greyson Sigg,1.39,1,72
15,53,29221,Webb Simpson,1.39,1,72
15,0,34046,Jordan Spieth,1.39,1,72
15,35,50493,Justin Suh,1.39,1,72
15,35,40115,Adam Svensson,1.39,1,72
15,0,51634,Sahith Theegala,1.39,1,72
15,0,30927,Brendon Todd,1.39,1,72
15,0,47483,Will Zalatoris,1.39,1,72
35,0,51766,Wyndham Clark,2.78,2,72
35,0,39997,Corey Conners,2.78,2,72
35,0,28089,Jason Day,2.78,2,72
35,0,23983,Luke Donald,2.78,2,72
35,0,34363,Tyrrell Hatton,2.78,2,72
35,0,39977,Max Homa,2.78,2,72
35,0,46717,Viktor Hovland,2.78,2,72
35,0,35506,Mackenzie Hughes,2.78,2,72
35,-34,24024,Zach Johnson,2.78,2,72
35,0,37455,Si Woo Kim,2.78,2,72
35,0,48117,Kurt Kitayama,2.78,2,72
35,15,34409,David Lingmerth,2.78,2,72
35,-7,33204,Shane Lowry,2.78,2,72
35,0,25198,Francesco Molinari,2.78,2,72
35,0,46601,Trey Mullinax,2.78,2,72
35,0,28252,Seamus Power,2.78,2,72
35,0,46414,Aaron Rai,2.78,2,72
35,0,24502,Adam Scott,2.78,2,72
35,0,33448,Justin Thomas,2.78,2,72
54,0,35450,Patrick Cantlay,4.17,3,72
54,0,30911,Tommy Fleetwood,4.17,3,72
54,0,31646,Emiliano Grillo,4.17,3,72
54,0,34098,Russell Henley,4.17,3,72
54,-4,39971,Sungjae Im,4.17,3,72
54,-26,50188,S.H. Kim,4.17,3,72
54,0,59871,Greg Koch,4.17,3,72
54,0,36326,David Lipsky,4.17,3,72
54,0,55789,Taylor Montgomery,4.17,3,72
54,0,23320,Ryan Palmer,4.17,3,72
54,-53,47347,Adam Schenk,4.17,3,72
54,0,58168,Davis Thompson,4.17,3,72
54,0,52411,Kyle Westmoreland,4.17,3,72
54,-4,32139,Danny Willett,4.17,3,72
68,0,29725,Tony Finau,5.56,4,72
68,-40,56762,Will Gordon,5.56,4,72
68,0,47987,Cole Hammer,5.56,4,72
68,0,27936,Martin Laird,5.56,4,72
72,-71,20766,Padraig Harrington,6.94,5,72