RANK,MOVEMENT,PLAYER_ID,PLAYER,%,TOTAL 3 PUTTS,TOTAL HOLES (OVERALL)
1,24,45522,Christiaan Bezuidenhout,.00%,0,72
1,0,33141,Keegan Bradley,.00%,0,72
1,0,34255,Joseph Bramlett,.00%,0,72
1,24,47504,Sam Burns,.00%,0,72
1,0,47591,Eric Cole,.00%,0,72
1,0,34363,Tyrrell Hatton,.00%,0,72
1,0,54421,Garrick Higgo,.00%,0,72
1,24,46717,Viktor Hovland,.00%,0,72
1,0,47993,Denny McCarthy,.00%,0,72
1,0,28237,Rory McIlroy,.00%,0,72
1,0,55789,Taylor Montgomery,.00%,0,72
1,0,40250,Taylor Pendrith,.00%,0,72
1,0,28252,Seamus Power,.00%,0,72
1,24,26476,Chez Reavie,.00%,0,72
1,0,24502,Adam Scott,.00%,0,72
1,52,55893,Sam Stevens,.00%,0,72
1,64,49960,Sepp Straka,.00%,0,72
1,0,32139,Danny Willett,.00%,0,72
19,0,20229,Stewart Cink,1.39%,1,72
19,0,51766,Wyndham Clark,1.39%,1,72
19,34,33653,Thomas Detry,1.39%,1,72
19,-18,34099,Harris English,1.39%,1,72
19,6,29936,Ryan Fox,1.39%,1,72
19,0,35310,Lanto Griffin,1.39%,1,72
19,-18,31646,Emiliano Grillo,1.39%,1,72
19,-18,34098,Russell Henley,1.39%,1,72
19,6,35461,Beau Hossler,1.39%,1,72
19,0,39971,Sungjae Im,1.39%,1,72
19,-18,36799,Stephan Jaeger,1.39%,1,72
19,0,50188,S.H. Kim,1.39%,1,72
19,0,23108,Matt Kuchar,1.39%,1,72
19,-18,36326,David Lipsky,1.39%,1,72
19,0,33204,Shane Lowry,1.39%,1,72
19,0,32839,Hideki Matsuyama,1.39%,1,72
19,0,39546,Keith Mitchell,1.39%,1,72
19,0,49771,J.T. Poston,1.39%,1,72
19,0,47995,Davis Riley,1.39%,1,72
19,6,36699,Patrick Rodgers,1.39%,1,72
19,-18,47347,Adam Schenk,1.39%,1,72
19,0,27649,Brandt Snedeker,1.39%,1,72
19,6,50493,Justin Suh,1.39%,1,72
19,0,51634,Sahith Theegala,1.39%,1,72
19,0,58168,Davis Thompson,1.39%,1,72
19,0,48887,Matt Wallace,1.39%,1,72
19,0,31323,Gary Woodland,1.39%,1,72
46,7,33948,Byeong Hun An,2.78%,2,72
46,0,35450,Patrick Cantlay,2.78%,2,72
46,0,40098,Matt Fitzpatrick,2.78%,2,72
46,7,27349,Alex Noren,2.78%,2,72
46,-45,34256,Andrew Putnam,2.78%,2,72
46,0,46970,Jon Rahm,2.78%,2,72
46,0,48081,Xander Schauffele,2.78%,2,72
46,-21,39324,J.J. Spaun,2.78%,2,72
46,0,34046,Jordan Spieth,2.78%,2,72
55,-54,57362,Austin Eckroat,4.17%,3,72
55,-30,32102,Rickie Fowler,4.17%,3,72
55,-30,54628,Lee Hodges,4.17%,3,72
55,-54,35532,Tom Hoge,4.17%,3,72
55,-54,36801,Mark Hubbard,4.17%,3,72
55,-54,37455,Si Woo Kim,4.17%,3,72
55,10,27129,Luke List,4.17%,3,72
55,-54,46046,Scottie Scheffler,4.17%,3,72
63,0,59652,Sam Bennett,5.56%,4,72
63,-62,23983,Luke Donald,5.56%,4,72
63,0,37275,Sam Ryder,5.56%,4,72