RANK,MOVEMENT,PLAYER_ID,PLAYER,%,TOTAL 3 PUTTS,TOTAL HOLES (OVERALL)
1,0,35450,Patrick Cantlay,.00%,0,72
1,0,47591,Eric Cole,.00%,0,72
1,0,39997,Corey Conners,.00%,0,72
1,0,30911,Tommy Fleetwood,.00%,0,72
1,0,33399,Adam Hadwin,.00%,0,72
1,0,39058,Lucas Herbert,.00%,0,72
1,0,48117,Kurt Kitayama,.00%,0,72
1,0,36689,Brooks Koepka,.00%,0,72
1,0,47529,Mito Pereira,.00%,0,72
1,0,46970,Jon Rahm,.00%,0,72
11,0,29936,Ryan Fox,1.39%,1,72
11,15,34363,Tyrrell Hatton,1.39%,1,72
11,0,35461,Beau Hossler,1.39%,1,72
11,0,24024,Zach Johnson,1.39%,1,72
11,0,30926,Chris Kirk,1.39%,1,72
11,0,29670,Pablo Larrazabal,1.39%,1,72
11,0,45523,Thriston Lawrence,1.39%,1,72
11,0,37378,Min Woo Lee,1.39%,1,72
11,0,33204,Shane Lowry,1.39%,1,72
11,0,50525,Collin Morikawa,1.39%,1,72
11,0,40250,Taylor Pendrith,1.39%,1,72
11,0,47679,Victor Perez,1.39%,1,72
11,0,33293,Thomas Pieters,1.39%,1,72
11,0,49771,J.T. Poston,1.39%,1,72
11,0,34360,Patrick Reed,1.39%,1,72
11,0,36699,Patrick Rodgers,1.39%,1,72
11,15,46046,Scottie Scheffler,1.39%,1,72
11,0,35891,Cameron Smith,1.39%,1,72
11,49,55893,Sam Stevens,1.39%,1,72
11,0,48699,Callum Tarren,1.39%,1,72
11,0,33448,Justin Thomas,1.39%,1,72
11,0,37189,Harold Varner III,1.39%,1,72
33,0,22764,Michael Block,2.78%,2,72
33,0,33141,Keegan Bradley,2.78%,2,72
33,0,47959,Bryson DeChambeau,2.78%,2,72
33,0,33653,Thomas Detry,2.78%,2,72
33,0,20766,Padraig Harrington,2.78%,2,72
33,0,39977,Max Homa,2.78%,2,72
33,0,47056,Rikuya Hoshino,2.78%,2,72
33,0,46717,Viktor Hovland,2.78%,2,72
33,0,32369,Sihwan Kim,2.78%,2,72
33,-7,32839,Hideki Matsuyama,2.78%,2,72
33,0,28237,Rory McIlroy,2.78%,2,72
33,0,01810,Phil Mickelson,2.78%,2,72
33,0,39546,Keith Mitchell,2.78%,2,72
33,0,49947,Taylor Moore,2.78%,2,72
33,0,48081,Xander Schauffele,2.78%,2,72
33,0,46340,Alex Smalley,2.78%,2,72
33,0,40115,Adam Svensson,2.78%,2,72
33,0,51634,Sahith Theegala,2.78%,2,72
33,0,48887,Matt Wallace,2.78%,2,72
52,0,33974,Dean Burmester,4.17%,3,72
52,0,34076,Joel Dahmen,4.17%,3,72
52,0,29725,Tony Finau,4.17%,3,72
52,0,35778,Kazuki Higa,4.17%,3,72
52,8,35532,Tom Hoge,4.17%,3,72
52,0,52453,Nicolai Hojgaard,4.17%,3,72
52,-26,36799,Stephan Jaeger,4.17%,3,72
52,0,47993,Denny McCarthy,4.17%,3,72
52,-51,55789,Taylor Montgomery,4.17%,3,72
52,-26,36871,Matt NeSmith,4.17%,3,72
52,0,26476,Chez Reavie,4.17%,3,72
52,0,22405,Justin Rose,4.17%,3,72
52,-26,24502,Adam Scott,4.17%,3,72
52,0,34046,Jordan Spieth,4.17%,3,72
52,0,50493,Justin Suh,4.17%,3,72
67,0,55708,Hayden Buckley,5.56%,4,72
67,0,45157,Cam Davis,5.56%,4,72
67,0,54628,Lee Hodges,5.56%,4,72
67,0,30925,Dustin Johnson,5.56%,4,72
67,-41,32791,K.H. Lee,5.56%,4,72
67,0,33674,Adrian Meronk,5.56%,4,72
67,0,48051,Yannik Paul,5.56%,4,72
67,0,49960,Sepp Straka,5.56%,4,72
67,0,48119,Ben Taylor,5.56%,4,72
76,0,36801,Mark Hubbard,6.94%,5,72