RANK,MOVEMENT,PLAYER_ID,PLAYER,%,TOTAL 3 PUTTS,TOTAL HOLES (OVERALL)
1,22,39997,Corey Conners,.00%,0,72
1,0,28089,Jason Day,.00%,0,72
1,0,25900,Lucas Glover,.00%,0,72
1,22,27644,Brian Harman,.00%,0,72
1,0,35532,Tom Hoge,.00%,0,72
1,22,30926,Chris Kirk,.00%,0,72
1,63,47993,Denny McCarthy,.00%,0,72
1,48,48081,Xander Schauffele,.00%,0,72
1,0,51634,Sahith Theegala,.00%,0,72
10,39,33141,Keegan Bradley,1.39%,1,72
10,-9,47504,Sam Burns,1.39%,1,72
10,39,51766,Wyndham Clark,1.39%,1,72
10,-9,47591,Eric Cole,1.39%,1,72
10,39,40098,Matt Fitzpatrick,1.39%,1,72
10,-9,31646,Emiliano Grillo,1.39%,1,72
10,-9,33399,Adam Hadwin,1.39%,1,72
10,39,34098,Russell Henley,1.39%,1,72
10,-9,39977,Max Homa,1.39%,1,72
10,39,46717,Viktor Hovland,1.39%,1,72
10,13,37455,Si Woo Kim,1.39%,1,72
10,-9,55182,Tom Kim,1.39%,1,72
10,13,28237,Rory McIlroy,1.39%,1,72
10,13,34256,Andrew Putnam,1.39%,1,72
10,39,36699,Patrick Rodgers,1.39%,1,72
10,54,22405,Justin Rose,1.39%,1,72
10,-9,34046,Jordan Spieth,1.39%,1,72
10,54,40115,Adam Svensson,1.39%,1,72
10,13,25493,Nick Taylor,1.39%,1,72
10,39,30927,Brendon Todd,1.39%,1,72
10,-9,57366,Cameron Young,1.39%,1,72
31,-8,35450,Patrick Cantlay,2.78%,2,72
31,18,34099,Harris English,2.78%,2,72
31,33,29725,Tony Finau,2.78%,2,72
31,-8,32102,Rickie Fowler,2.78%,2,72
31,18,34363,Tyrrell Hatton,2.78%,2,72
31,18,39971,Sungjae Im,2.78%,2,72
31,-8,50525,Collin Morikawa,2.78%,2,72
31,-30,49771,J.T. Poston,2.78%,2,72
31,39,46970,Jon Rahm,2.78%,2,72
31,18,46046,Scottie Scheffler,2.78%,2,72
31,-8,47347,Adam Schenk,2.78%,2,72
42,-41,33948,Byeong Hun An,4.17%,3,72
42,-41,30911,Tommy Fleetwood,4.17%,3,72
42,-19,54628,Lee Hodges,4.17%,3,72
42,-41,28252,Seamus Power,4.17%,3,72
42,-19,49960,Sepp Straka,4.17%,3,72
47,-46,45157,Cam Davis,5.56%,4,72
48,-47,49947,Taylor Moore,6.94%,5,72
49,15,48117,Kurt Kitayama,8.33%,6,72