RANK,MOVEMENT,PLAYER_ID,PLAYER,%,TOTAL 3 PUTTS,TOTAL HOLES (OVERALL)
1,62,51766,Wyndham Clark,.00%,0,72
1,0,28089,Jason Day,.00%,0,72
1,24,32102,Rickie Fowler,.00%,0,72
1,0,27644,Brian Harman,.00%,0,72
1,70,34363,Tyrrell Hatton,.00%,0,72
1,10,46717,Viktor Hovland,.00%,0,72
1,0,24024,Zach Johnson,.00%,0,72
1,0,54422,Christo Lamprecht,.00%,0,72
1,0,45523,Thriston Lawrence,.00%,0,72
1,10,34409,David Lingmerth,.00%,0,72
1,50,39834,Guido Migliozzi,.00%,0,72
1,0,26329,Louis Oosthuizen,.00%,0,72
1,0,34575,Adrian Otaegui,.00%,0,72
1,24,47679,Victor Perez,.00%,0,72
1,0,34360,Patrick Reed,.00%,0,72
1,0,24502,Adam Scott,.00%,0,72
1,0,35891,Cameron Smith,.00%,0,72
1,0,46464,Jordan Smith,.00%,0,72
1,0,34046,Jordan Spieth,.00%,0,72
1,0,27506,Oliver Wilson,.00%,0,72
21,30,33948,Byeong Hun An,1.39%,1,72
21,0,45526,Abraham Ancer,1.39%,1,72
21,0,45836,Richard Bland,1.39%,1,72
21,0,35450,Patrick Cantlay,1.39%,1,72
21,0,39412,Zack Fischer,1.39%,1,72
21,0,55721,Alex Fitzpatrick,1.39%,1,72
21,-20,30911,Tommy Fleetwood,1.39%,1,72
21,-10,29936,Ryan Fox,1.39%,1,72
21,42,52453,Nicolai Hojgaard,1.39%,1,72
21,4,39977,Max Homa,1.39%,1,72
21,0,47056,Rikuya Hoshino,1.39%,1,72
21,50,55955,Matthew Jordan,1.39%,1,72
21,-10,55182,Tom Kim,1.39%,1,72
21,4,48117,Kurt Kitayama,1.39%,1,72
21,0,36689,Brooks Koepka,1.39%,1,72
21,4,37250,Romain Langasque,1.39%,1,72
21,-20,52215,Robert MacIntyre,1.39%,1,72
21,0,32839,Hideki Matsuyama,1.39%,1,72
21,4,28237,Rory McIlroy,1.39%,1,72
21,30,49771,J.T. Poston,1.39%,1,72
21,-20,29531,Richie Ramsay,1.39%,1,72
21,0,65374,Brandon Robinson Thompson,1.39%,1,72
21,0,39113,Shubhankar Sharma,1.39%,1,72
21,0,35174,Matthew Southgate,1.39%,1,72
21,0,30692,Scott Stallings,1.39%,1,72
21,42,52666,Sami Valimaki,1.39%,1,72
21,0,32139,Danny Willett,1.39%,1,72
48,0,45522,Christiaan Bezuidenhout,2.78%,2,72
48,0,34362,Laurie Canter,2.78%,2,72
48,0,20229,Stewart Cink,2.78%,2,72
48,0,47959,Bryson DeChambeau,2.78%,2,72
48,3,33653,Thomas Detry,2.78%,2,72
48,0,40098,Matt Fitzpatrick,2.78%,2,72
48,0,31646,Emiliano Grillo,2.78%,2,72
48,0,39971,Sungjae Im,2.78%,2,72
48,-37,37378,Min Woo Lee,2.78%,2,72
48,0,55509,Hurly Long,2.78%,2,72
48,0,27349,Alex Noren,2.78%,2,72
48,29,34256,Andrew Putnam,2.78%,2,72
48,0,46970,Jon Rahm,2.78%,2,72
48,-23,46646,Antoine Rozner,2.78%,2,72
48,3,46046,Scottie Scheffler,2.78%,2,72
48,0,35913,Michael Stewart,2.78%,2,72
48,0,49960,Sepp Straka,2.78%,2,72
48,0,30927,Brendon Todd,2.78%,2,72
48,0,57366,Cameron Young,2.78%,2,72
67,-66,34310,Alexander Björk,4.17%,3,72
67,-56,39997,Corey Conners,4.17%,3,72
67,-4,20766,Padraig Harrington,4.17%,3,72
67,0,33674,Adrian Meronk,4.17%,3,72
67,0,33293,Thomas Pieters,4.17%,3,72
67,-4,48081,Xander Schauffele,4.17%,3,72
67,-42,23481,Marcel Siem,4.17%,3,72
74,-49,28300,Joost Luiten,5.56%,4,72
74,0,21528,Henrik Stenson,5.56%,4,72
76,-13,31323,Gary Woodland,6.94%,5,72