RANK,MOVEMENT,PLAYER_ID,PLAYER,%,TOTAL 3 PUTTS,TOTAL HOLES (OVERALL)
1,0,47504,Sam Burns,.00%,0,72
1,0,20766,Padraig Harrington,.00%,0,72
1,22,34363,Tyrrell Hatton,.00%,0,72
1,69,33204,Shane Lowry,.00%,0,72
1,0,28521,Ryutaro Nagano,.00%,0,72
1,0,46970,Jon Rahm,.00%,0,72
1,0,35891,Cameron Smith,.00%,0,72
1,0,40115,Adam Svensson,.00%,0,72
9,0,35450,Patrick Cantlay,1.39%,1,72
9,-8,47591,Eric Cole,1.39%,1,72
9,0,34099,Harris English,1.39%,1,72
9,0,21209,Sergio Garcia,1.39%,1,72
9,0,29420,Billy Horschel,1.39%,1,72
9,0,30925,Dustin Johnson,1.39%,1,72
9,0,37455,Si Woo Kim,1.39%,1,72
9,0,55182,Tom Kim,1.39%,1,72
9,14,28237,Rory McIlroy,1.39%,1,72
9,0,36699,Patrick Rodgers,1.39%,1,72
9,0,55893,Sam Stevens,1.39%,1,72
20,34,59652,Sam Bennett,2.78%,2,72
20,0,51766,Wyndham Clark,2.78%,2,72
20,3,40098,Matt Fitzpatrick,2.78%,2,72
20,0,29936,Ryan Fox,2.78%,2,72
20,3,59018,Ryan Gerard,2.78%,2,72
20,3,33399,Adam Hadwin,2.78%,2,72
20,0,27644,Brian Harman,2.78%,2,72
20,0,34098,Russell Henley,2.78%,2,72
20,0,46717,Viktor Hovland,2.78%,2,72
20,0,36689,Brooks Koepka,2.78%,2,72
20,0,37378,Min Woo Lee,2.78%,2,72
20,0,32839,Hideki Matsuyama,2.78%,2,72
20,0,39546,Keith Mitchell,2.78%,2,72
20,0,61193,David Puig,2.78%,2,72
20,0,64442,Gordon Sargent,2.78%,2,72
20,0,48081,Xander Schauffele,2.78%,2,72
20,0,46464,Jordan Smith,2.78%,2,72
20,0,50493,Justin Suh,2.78%,2,72
20,-19,51634,Sahith Theegala,2.78%,2,72
39,-38,30911,Tommy Fleetwood,4.17%,3,72
39,0,47988,Nick Hardy,4.17%,3,72
39,0,12716,Charley Hoffman,4.17%,3,72
39,0,35506,Mackenzie Hughes,4.17%,3,72
39,0,48632,Yuto Katsuragawa,4.17%,3,72
39,0,47993,Denny McCarthy,4.17%,3,72
39,0,57860,Maxwell Moldovan,4.17%,3,72
39,0,50525,Collin Morikawa,4.17%,3,72
39,0,63343,Aldrich Potgieter,4.17%,3,72
39,0,34360,Patrick Reed,4.17%,3,72
39,0,46046,Scottie Scheffler,4.17%,3,72
39,0,58669,Jacob Solomon,4.17%,3,72
39,-16,57366,Cameron Young,4.17%,3,72
52,0,45526,Abraham Ancer,5.56%,4,72
52,0,57362,Austin Eckroat,5.56%,4,72
52,0,32102,Rickie Fowler,5.56%,4,72
52,0,37250,Romain Langasque,5.56%,4,72
52,0,45486,Joaquin Niemann,5.56%,4,72
52,0,34256,Andrew Putnam,5.56%,4,72
52,0,27214,Kevin Streelman,5.56%,4,72
52,-29,54783,Dylan Wu,5.56%,4,72
60,0,60006,Ben Carr,6.94%,5,72
60,0,47959,Bryson DeChambeau,6.94%,5,72
60,0,29725,Tony Finau,6.94%,5,72
60,0,48822,Sebastián Muñoz,6.94%,5,72
64,0,31323,Gary Woodland,8.33%,6,72
65,0,30852,Ryo Ishikawa,9.72%,7,72