RANK,MOVEMENT,PLAYER_ID,PLAYER,%,TOTAL 3 PUTTS,TOTAL HOLES (OVERALL)
1,60,33948,Byeong Hun An,.00%,0,72
1,0,19803,Ryan Armour,.00%,0,72
1,0,39067,MJ Daffue,.00%,0,72
1,43,51414,Brent Grant,.00%,0,72
1,0,35532,Tom Hoge,.00%,0,72
1,0,36801,Mark Hubbard,.00%,0,72
1,1,34466,Peter Malnati,.00%,0,72
1,0,34046,Jordan Spieth,.00%,0,72
1,1,48699,Callum Tarren,.00%,0,72
1,0,52374,Brandon Wu,.00%,0,72
11,0,27895,Jonas Blixt,1.39%,1,72
11,33,34255,Joseph Bramlett,1.39%,1,72
11,0,20593,Greg Chalmers,1.39%,1,72
11,0,47591,Eric Cole,1.39%,1,72
11,0,34076,Joel Dahmen,1.39%,1,72
11,4,33653,Thomas Detry,1.39%,1,72
11,50,47988,Nick Hardy,1.39%,1,72
11,4,33597,Harry Higgs,1.39%,1,72
11,0,35461,Beau Hossler,1.39%,1,72
11,0,27974,Sung Kang,1.39%,1,72
11,0,39546,Keith Mitchell,1.39%,1,72
11,0,26596,Ryan Moore,1.39%,1,72
11,17,49947,Taylor Moore,1.39%,1,72
11,33,36724,Augusto Núñez,1.39%,1,72
11,17,40250,Taylor Pendrith,1.39%,1,72
11,0,28252,Seamus Power,1.39%,1,72
11,0,53165,Doc Redman,1.39%,1,72
11,33,22405,Justin Rose,1.39%,1,72
11,17,46441,Robby Shelton,1.39%,1,72
11,0,25493,Nick Taylor,1.39%,1,72
11,0,30927,Brendon Todd,1.39%,1,72
11,0,35617,Martin Trainer,1.39%,1,72
11,0,47128,Richy Werenski,1.39%,1,72
11,0,54783,Dylan Wu,1.39%,1,72
35,0,33408,Tyson Alexander,2.78%,2,72
35,9,33974,Dean Burmester,2.78%,2,72
35,0,28679,Fabián Gómez,2.78%,2,72
35,26,54421,Garrick Higgo,2.78%,2,72
35,-33,39975,Michael Kim,2.78%,2,72
35,26,50188,S.H. Kim,2.78%,2,72
35,0,48117,Kurt Kitayama,2.78%,2,72
35,0,49766,Hank Lebioda,2.78%,2,72
35,-7,29289,S.Y. Noh,2.78%,2,72
35,9,51997,Andrew Novak,2.78%,2,72
35,0,24140,Sean O'Hair,2.78%,2,72
35,26,47347,Adam Schenk,2.78%,2,72
35,-33,46340,Alex Smalley,2.78%,2,72
35,-20,58967,Trevor Werbylo,2.78%,2,72
35,0,52411,Kyle Westmoreland,2.78%,2,72
35,0,32139,Danny Willett,2.78%,2,72
35,9,45242,Kevin Yu,2.78%,2,72
52,0,22371,Aaron Baddeley,4.17%,3,72
52,-24,35310,Lanto Griffin,4.17%,3,72
52,0,12716,Charley Hoffman,4.17%,3,72
52,0,46717,Viktor Hovland,4.17%,3,72
52,0,29478,Kevin Kisner,4.17%,3,72
52,-37,32816,Satoshi Kodaira,4.17%,3,72
52,0,34409,David Lingmerth,4.17%,3,72
52,0,33413,Ben Martin,4.17%,3,72
52,0,36871,Matt NeSmith,4.17%,3,72
52,0,51890,Greyson Sigg,4.17%,3,72
52,0,30692,Scott Stallings,4.17%,3,72
52,-24,55893,Sam Stevens,4.17%,3,72
52,-8,27214,Kevin Streelman,4.17%,3,72
52,0,31560,Brian Stuard,4.17%,3,72
66,0,39954,Cody Gribble,5.56%,4,72
66,-64,35901,Paul Haley II,5.56%,4,72
66,0,47993,Denny McCarthy,5.56%,4,72
66,0,52575,Paul O'Hara,5.56%,4,72
66,0,22046,Geoff Ogilvy,5.56%,4,72
66,0,47983,Chad Ramey,5.56%,4,72
72,-57,31577,Tano Goya,6.94%,5,72
72,0,57975,Harry Hall,6.94%,5,72
72,0,33122,Russell Knox,6.94%,5,72
75,-31,35449,Adam Long,8.33%,6,72