RANK,MOVEMENT,PLAYER_ID,PLAYER,% MADE,ATTEMPTS,PUTTS MADE
1,0,45522,Christiaan Bezuidenhout,96.97,66,64
1,0,47504,Sam Burns,96.97,66,64
1,0,49947,Taylor Moore,96.97,66,64
4,0,32448,James Hahn,95.08,61,58
5,0,40098,Matt Fitzpatrick,94.29,70,66
6,0,32102,Rickie Fowler,94.12,68,64
6,0,23108,Matt Kuchar,94.12,68,64
8,0,35461,Beau Hossler,93.94,66,62
8,0,51634,Sahith Theegala,93.94,66,62
10,0,30911,Tommy Fleetwood,92.96,71,66
10,0,32791,K.H. Lee,92.96,71,66
10,0,22405,Justin Rose,92.96,71,66
13,0,23983,Luke Donald,92.86,70,65
13,0,34363,Tyrrell Hatton,92.86,70,65
13,0,47993,Denny McCarthy,92.86,70,65
13,0,33448,Justin Thomas,92.86,70,65
17,0,34098,Russell Henley,92.75,69,64
18,0,24024,Zach Johnson,92.00,75,69
18,0,34256,Andrew Putnam,92.00,75,69
20,0,51766,Wyndham Clark,91.78,73,67
20,0,25493,Nick Taylor,91.78,73,67
22,0,26476,Chez Reavie,91.67,72,66
23,0,34099,Harris English,91.55,71,65
24,0,36871,Matt NeSmith,91.43,70,64
25,0,35450,Patrick Cantlay,91.30,69,63
26,0,33141,Keegan Bradley,91.04,67,61
27,0,28775,Nate Lashley,90.41,73,66
28,0,52375,Doug Ghim,90.28,72,65
28,0,50095,Austin Smotherman,90.28,72,65
28,0,30692,Scott Stallings,90.28,72,65
28,0,32139,Danny Willett,90.28,72,65
32,0,48081,Xander Schauffele,90.14,71,64
33,0,49298,Kramer Hickok,89.87,79,71
34,0,34046,Jordan Spieth,89.86,69,62
35,0,50493,Justin Suh,89.55,67,60
36,0,46970,Jon Rahm,89.19,74,66
36,0,32150,Michael Thompson,89.19,74,66
38,0,54591,Ben Griffin,89.04,73,65
39,0,55708,Hayden Buckley,88.89,72,64
39,0,06522,Ernie Els,88.89,72,64
39,0,27644,Brian Harman,88.89,72,64
42,0,36801,Mark Hubbard,88.57,70,62
42,0,32757,Patton Kizzire,88.57,70,62
42,0,46046,Scottie Scheffler,88.57,70,62
42,0,31323,Gary Woodland,88.57,70,62
46,0,40115,Adam Svensson,88.31,77,68
47,0,58168,Davis Thompson,88.16,76,67
48,0,46414,Aaron Rai,88.00,75,66
48,0,47347,Adam Schenk,88.00,75,66
50,0,52513,Carson Young,87.67,73,64
51,0,54421,Garrick Higgo,87.50,72,63
52,0,39971,Sungjae Im,87.01,77,67
53,0,29725,Tony Finau,86.84,76,66
54,0,57366,Cameron Young,86.67,75,65
55,0,50525,Collin Morikawa,86.49,74,64
55,0,36699,Patrick Rodgers,86.49,74,64
57,0,25632,Jimmy Walker,86.30,73,63
58,0,30926,Chris Kirk,86.11,72,62
59,0,31646,Emiliano Grillo,85.71,70,60
60,0,54628,Lee Hodges,85.33,75,64
61,0,33413,Ben Martin,85.29,68,58
62,0,39058,Lucas Herbert,84.93,73,62
62,0,24502,Adam Scott,84.93,73,62
64,0,35449,Adam Long,84.81,79,67
65,0,45157,Cam Davis,84.72,72,61
66,0,27214,Kevin Streelman,84.62,78,66
67,0,33204,Shane Lowry,83.95,81,68
68,0,51950,Max McGreevy,83.56,73,61
69,0,40162,Justin Lower,83.33,78,65
69,0,30927,Brendon Todd,83.33,72,60
71,0,31557,Jim Herman,82.89,76,63
72,0,39997,Corey Conners,82.28,79,65
73,0,46717,Viktor Hovland,81.93,83,68