RANK,MOVEMENT,PLAYER_ID,PLAYER,% MADE,ATTEMPTS,PUTTS MADE
1,37,46441,Robby Shelton,97.06,68,66
2,0,34099,Harris English,95.65,69,66
3,56,47995,Davis Riley,95.38,65,62
4,33,54591,Ben Griffin,94.29,70,66
5,72,50493,Justin Suh,94.20,69,65
6,0,46970,Jon Rahm,94.03,67,63
7,0,22371,Aaron Baddeley,93.15,73,68
7,7,56762,Will Gordon,93.15,73,68
7,0,32791,K.H. Lee,93.15,73,68
10,0,40098,Matt Fitzpatrick,93.06,72,67
11,0,48081,Xander Schauffele,92.75,69,64
11,0,51890,Greyson Sigg,92.75,69,64
13,0,52955,Ludvig Åberg,92.54,67,62
14,0,35506,Mackenzie Hughes,91.78,73,67
14,0,28237,Rory McIlroy,91.78,73,67
16,0,49947,Taylor Moore,91.67,72,66
17,2,50188,S.H. Kim,91.55,71,65
18,0,34098,Russell Henley,91.18,68,62
19,0,51634,Sahith Theegala,91.04,67,61
20,0,36871,Matt NeSmith,90.91,77,70
21,0,28252,Seamus Power,90.54,74,67
22,0,29936,Ryan Fox,90.41,73,66
22,0,34256,Andrew Putnam,90.41,73,66
24,0,51766,Wyndham Clark,90.28,72,65
24,0,28089,Jason Day,90.28,72,65
24,0,33653,Thomas Detry,90.28,72,65
24,37,33204,Shane Lowry,90.28,72,65
24,0,24502,Adam Scott,90.28,72,65
24,0,58168,Davis Thompson,90.28,72,65
30,0,32102,Rickie Fowler,89.86,69,62
30,0,48117,Kurt Kitayama,89.86,69,62
30,0,27349,Alex Noren,89.86,69,62
30,26,29221,Webb Simpson,89.86,69,62
34,0,25198,Francesco Molinari,89.71,68,61
34,26,47347,Adam Schenk,89.71,68,61
36,0,23320,Ryan Palmer,89.61,77,69
37,-25,59836,Pierceson Coody,88.89,72,64
38,-14,40115,Adam Svensson,88.73,71,63
39,0,46717,Viktor Hovland,88.57,70,62
39,0,46601,Trey Mullinax,88.57,70,62
39,-23,48119,Ben Taylor,88.57,70,62
42,0,29725,Tony Finau,88.46,78,69
43,0,39997,Corey Conners,88.16,76,67
44,-22,20766,Padraig Harrington,88.00,75,66
44,0,37455,Si Woo Kim,88.00,75,66
46,0,39977,Max Homa,87.84,74,65
46,0,47483,Will Zalatoris,87.84,74,65
48,15,30926,Chris Kirk,87.67,73,64
49,0,57366,Cameron Young,87.18,78,68
50,0,27936,Martin Laird,87.14,70,61
51,0,55182,Tom Kim,87.01,77,67
51,0,36326,David Lipsky,87.01,77,67
53,0,59871,Greg Koch,86.96,69,60
54,0,55789,Taylor Montgomery,86.67,75,65
54,0,46414,Aaron Rai,86.67,75,65
54,0,30927,Brendon Todd,86.67,75,65
57,0,35450,Patrick Cantlay,86.49,74,64
58,0,30911,Tommy Fleetwood,86.42,81,70
59,-23,32139,Danny Willett,86.25,80,69
60,0,33141,Keegan Bradley,86.11,72,62
61,0,34046,Jordan Spieth,85.71,70,60
62,0,34363,Tyrrell Hatton,85.33,75,64
62,-34,39971,Sungjae Im,85.33,75,64
62,0,46046,Scottie Scheffler,85.33,75,64
65,0,52411,Kyle Westmoreland,84.72,72,61
66,0,23983,Luke Donald,84.51,71,60
67,0,47987,Cole Hammer,84.42,77,65
68,0,33448,Justin Thomas,84.00,75,63
69,0,31646,Emiliano Grillo,83.95,81,68
70,-19,34409,David Lingmerth,82.93,82,68
71,0,39546,Keith Mitchell,82.67,75,62
72,-67,24024,Zach Johnson,82.19,73,60