RANK,MOVEMENT,PLAYER_ID,PLAYER,% MADE,ATTEMPTS,PUTTS MADE
1,0,45523,Thriston Lawrence,97.10%,69,67
2,0,40250,Taylor Pendrith,95.45%,66,63
3,0,34360,Patrick Reed,94.12%,68,64
4,0,48117,Kurt Kitayama,94.03%,67,63
5,0,47679,Victor Perez,93.85%,65,61
6,-1,33399,Adam Hadwin,93.15%,73,68
6,0,50525,Collin Morikawa,93.15%,73,68
8,0,30925,Dustin Johnson,93.06%,72,67
8,0,39546,Keith Mitchell,93.06%,72,67
10,0,47959,Bryson DeChambeau,92.96%,71,66
10,57,46046,Scottie Scheffler,92.96%,71,66
12,0,35461,Beau Hossler,92.86%,70,65
13,0,47056,Rikuya Hoshino,92.75%,69,64
14,0,26476,Chez Reavie,92.65%,68,63
15,0,36689,Brooks Koepka,92.54%,67,62
16,0,39058,Lucas Herbert,92.00%,75,69
17,0,47529,Mito Pereira,91.89%,74,68
18,57,55789,Taylor Montgomery,91.78%,73,67
19,0,29936,Ryan Fox,91.43%,70,64
20,0,50493,Justin Suh,91.18%,68,62
21,0,46717,Viktor Hovland,91.04%,67,61
21,0,48699,Callum Tarren,91.04%,67,61
23,0,32369,Sihwan Kim,90.91%,77,70
24,0,37378,Min Woo Lee,90.63%,64,58
25,0,36699,Patrick Rodgers,90.28%,72,65
26,44,32791,K.H. Lee,90.14%,71,64
26,-13,36871,Matt NeSmith,90.14%,71,64
26,0,48051,Yannik Paul,90.14%,71,64
26,0,48081,Xander Schauffele,90.14%,71,64
30,0,39997,Corey Conners,90.00%,70,63
30,11,34363,Tyrrell Hatton,90.00%,70,63
32,0,33204,Shane Lowry,89.86%,69,62
32,0,35891,Cameron Smith,89.86%,69,62
34,0,55708,Hayden Buckley,89.39%,66,59
35,0,01810,Phil Mickelson,89.33%,75,67
36,0,29670,Pablo Larrazabal,89.19%,74,66
36,0,28237,Rory McIlroy,89.19%,74,66
36,-4,24502,Adam Scott,89.19%,74,66
39,0,46970,Jon Rahm,89.04%,73,65
39,33,55893,Sam Stevens,89.04%,73,65
39,0,37189,Harold Varner III,89.04%,73,65
42,0,20766,Padraig Harrington,88.89%,72,64
42,0,33448,Justin Thomas,88.89%,72,64
44,0,47993,Denny McCarthy,88.73%,71,63
45,0,52453,Nicolai Hojgaard,88.57%,70,62
46,0,22764,Michael Block,88.24%,68,60
46,0,51634,Sahith Theegala,88.24%,68,60
48,0,34076,Joel Dahmen,88.16%,76,67
48,0,30911,Tommy Fleetwood,88.16%,76,67
50,0,33974,Dean Burmester,88.00%,75,66
50,0,49947,Taylor Moore,88.00%,75,66
52,0,35778,Kazuki Higa,87.84%,74,65
52,0,33293,Thomas Pieters,87.84%,74,65
54,0,40115,Adam Svensson,87.69%,65,57
55,0,49771,J.T. Poston,87.67%,73,64
55,0,49960,Sepp Straka,87.67%,73,64
57,0,35450,Patrick Cantlay,87.50%,72,63
57,8,47591,Eric Cole,87.50%,72,63
57,-36,35532,Tom Hoge,87.50%,72,63
57,0,22405,Justin Rose,87.50%,64,56
61,0,30926,Chris Kirk,87.32%,71,62
62,0,48119,Ben Taylor,87.14%,70,61
63,-22,32839,Hideki Matsuyama,87.01%,77,67
64,0,33141,Keegan Bradley,86.11%,72,62
64,0,39977,Max Homa,86.11%,72,62
66,0,33653,Thomas Detry,85.92%,71,61
67,0,34046,Jordan Spieth,85.90%,78,67
68,-40,36799,Stephan Jaeger,85.53%,76,65
69,0,36801,Mark Hubbard,85.37%,82,70
70,0,45157,Cam Davis,85.33%,75,64
71,0,29725,Tony Finau,84.81%,79,67
72,0,54628,Lee Hodges,82.89%,76,63
73,0,24024,Zach Johnson,82.67%,75,62
74,0,48887,Matt Wallace,82.28%,79,65
75,0,46340,Alex Smalley,82.05%,78,64
76,0,33674,Adrian Meronk,81.33%,75,61