RANK,MOVEMENT,PLAYER_ID,PLAYER,% MADE,ATTEMPTS,PUTTS MADE
1,53,40098,Matt Fitzpatrick,98.36%,61,60
2,64,46717,Viktor Hovland,95.38%,65,62
3,24,28089,Jason Day,94.20%,69,65
3,40,48081,Xander Schauffele,94.20%,69,65
5,42,57366,Cameron Young,93.94%,66,62
6,2,27644,Brian Harman,93.65%,63,59
7,13,32102,Rickie Fowler,93.15%,73,68
7,50,47347,Adam Schenk,93.15%,73,68
9,29,47993,Denny McCarthy,92.86%,70,65
10,59,33141,Keegan Bradley,92.75%,69,64
10,31,49960,Sepp Straka,92.75%,69,64
12,2,33399,Adam Hadwin,92.65%,68,63
13,3,55182,Tom Kim,92.42%,66,61
14,5,34099,Harris English,92.06%,63,58
15,29,51766,Wyndham Clark,91.89%,74,68
15,53,29725,Tony Finau,91.89%,74,68
17,18,39971,Sungjae Im,91.78%,73,67
17,-16,34256,Andrew Putnam,91.78%,73,67
19,21,54628,Lee Hodges,91.67%,72,66
20,-16,39997,Corey Conners,91.43%,70,64
20,-11,50525,Collin Morikawa,91.43%,70,64
22,41,40115,Adam Svensson,91.30%,69,63
23,33,28237,Rory McIlroy,90.00%,70,63
24,6,34098,Russell Henley,89.55%,67,60
25,41,47591,Eric Cole,89.19%,74,66
25,-13,25900,Lucas Glover,89.19%,74,66
25,5,49771,J.T. Poston,89.19%,74,66
25,37,46970,Jon Rahm,89.19%,74,66
29,-9,51634,Sahith Theegala,88.89%,72,64
30,-21,39977,Max Homa,88.41%,69,61
31,29,25493,Nick Taylor,88.16%,76,67
32,-2,34046,Jordan Spieth,88.00%,75,66
33,-6,47504,Sam Burns,87.67%,73,64
34,-19,36699,Patrick Rodgers,87.50%,72,63
35,-5,30927,Brendon Todd,87.18%,78,68
36,-35,35532,Tom Hoge,86.67%,75,65
37,-25,35450,Patrick Cantlay,86.30%,73,63
37,14,34363,Tyrrell Hatton,86.30%,73,63
39,0,30911,Tommy Fleetwood,85.92%,71,61
40,14,37455,Si Woo Kim,85.90%,78,67
40,-22,30926,Chris Kirk,85.90%,78,67
42,11,31646,Emiliano Grillo,85.71%,77,66
42,4,22405,Justin Rose,85.71%,70,60
44,-38,49947,Taylor Moore,84.81%,79,67
45,13,46046,Scottie Scheffler,84.21%,76,64
46,-2,28252,Seamus Power,81.71%,82,67
47,-36,45157,Cam Davis,80.25%,81,65
48,-24,33948,Byeong Hun An,78.82%,85,67
49,15,48117,Kurt Kitayama,78.05%,82,64