RANK,MOVEMENT,PLAYER_ID,PLAYER,% MADE,ATTEMPTS,PUTTS MADE
1,0,30692,Scott Stallings,97.01,67,65
2,0,47983,Chad Ramey,95.38,65,62
3,0,28775,Nate Lashley,94.52,73,69
4,0,47504,Sam Burns,94.12,68,64
5,46,55182,Tom Kim,93.06,72,67
6,0,27644,Brian Harman,92.96,71,66
6,0,36801,Mark Hubbard,92.96,71,66
6,0,50525,Collin Morikawa,92.96,71,66
6,55,34046,Jordan Spieth,92.96,71,66
10,44,30927,Brendon Todd,92.75,69,64
11,0,46442,Maverick McNealy,92.65,68,63
11,43,55789,Taylor Montgomery,92.65,68,63
13,17,32102,Rickie Fowler,92.54,67,62
14,0,45157,Cam Davis,92.06,63,58
15,-8,22371,Aaron Baddeley,91.89,74,68
16,0,47591,Eric Cole,91.67,72,66
16,0,34076,Joel Dahmen,91.67,72,66
16,0,49298,Kramer Hickok,91.67,72,66
16,0,29478,Kevin Kisner,91.67,72,66
16,8,58168,Davis Thompson,91.67,72,66
21,0,33948,Byeong Hun An,91.43,70,64
21,0,45522,Christiaan Bezuidenhout,91.43,70,64
21,-14,56762,Will Gordon,91.43,70,64
24,38,39971,Sungjae Im,91.18,68,62
25,0,37378,Min Woo Lee,90.91,66,60
26,0,54421,Garrick Higgo,90.67,75,68
26,0,22405,Justin Rose,90.67,75,68
28,11,46717,Viktor Hovland,90.54,74,67
29,-5,28089,Jason Day,90.41,73,66
29,0,45609,Tyler Duncan,90.41,73,66
31,39,34409,David Lingmerth,90.00,70,63
32,6,40115,Adam Svensson,89.86,69,62
33,0,52374,Brandon Wu,89.55,67,60
34,0,40250,Taylor Pendrith,89.47,76,68
35,22,35450,Patrick Cantlay,89.33,75,67
35,24,32139,Danny Willett,89.33,75,67
37,25,34363,Tyrrell Hatton,89.19,74,66
38,0,47993,Denny McCarthy,89.04,73,65
38,-4,25198,Francesco Molinari,89.04,73,65
38,-22,49947,Taylor Moore,89.04,73,65
41,0,36799,Stephan Jaeger,88.89,72,64
42,0,25900,Lucas Glover,88.73,71,63
42,0,33413,Ben Martin,88.73,71,63
42,0,37275,Sam Ryder,88.73,71,63
42,0,46340,Alex Smalley,88.73,71,63
42,0,49960,Sepp Straka,88.73,71,63
47,0,35532,Tom Hoge,88.57,70,62
47,-36,48081,Xander Schauffele,88.57,70,62
49,-7,29725,Tony Finau,88.41,69,61
49,22,39546,Keith Mitchell,88.41,69,61
51,0,31323,Gary Woodland,88.31,77,68
52,-28,51766,Wyndham Clark,88.16,76,67
53,0,33399,Adam Hadwin,88.00,75,66
53,0,50095,Austin Smotherman,88.00,75,66
55,0,08075,Jerry Kelly,87.50,72,63
56,-34,29936,Ryan Fox,87.32,71,62
56,0,34563,Chesson Hadley,87.32,71,62
56,-10,39977,Max Homa,87.32,71,62
59,-15,37455,Si Woo Kim,87.18,78,68
60,2,46046,Scottie Scheffler,87.14,70,61
61,0,34610,Matthias Schwab,86.49,74,64
61,-37,24502,Adam Scott,86.49,74,64
63,-45,34098,Russell Henley,86.30,73,63
63,0,32757,Patton Kizzire,86.30,73,63
65,-60,50493,Justin Suh,86.15,65,56
66,-17,57366,Cameron Young,85.92,71,61
67,1,33448,Justin Thomas,85.71,77,66
68,-14,46414,Aaron Rai,85.53,76,65
68,0,54783,Dylan Wu,85.53,76,65
70,-66,54591,Ben Griffin,85.29,68,58
71,-52,51634,Sahith Theegala,85.00,80,68
72,-48,33204,Shane Lowry,84.62,78,66
73,-15,30911,Tommy Fleetwood,84.29,70,59
74,0,32839,Hideki Matsuyama,84.06,69,58
75,-29,47483,Will Zalatoris,82.72,81,67