RANK,MOVEMENT,PLAYER_ID,PLAYER,% MADE,ATTEMPTS,PUTTS MADE
1,28,34099,Harris English,95.83%,72,69
2,0,23108,Matt Kuchar,95.65%,69,66
3,0,54421,Garrick Higgo,95.45%,66,63
4,0,33141,Keegan Bradley,95.38%,65,62
5,45,46717,Viktor Hovland,95.31%,64,61
6,0,47993,Denny McCarthy,95.00%,60,57
7,29,26476,Chez Reavie,94.37%,71,67
8,0,39971,Sungjae Im,94.20%,69,65
9,0,34363,Tyrrell Hatton,94.03%,67,63
10,0,40250,Taylor Pendrith,93.06%,72,67
11,21,36801,Mark Hubbard,92.96%,71,66
12,-3,36326,David Lipsky,92.75%,69,64
12,0,34046,Jordan Spieth,92.75%,69,64
14,0,28252,Seamus Power,91.55%,71,65
15,0,51634,Sahith Theegala,91.30%,69,63
16,0,55789,Taylor Montgomery,91.18%,68,62
17,0,47591,Eric Cole,91.04%,67,61
18,0,35450,Patrick Cantlay,90.67%,75,68
19,47,33948,Byeong Hun An,90.54%,74,67
20,0,24502,Adam Scott,90.48%,63,57
21,29,34098,Russell Henley,90.28%,72,65
22,39,36699,Patrick Rodgers,90.00%,70,63
23,0,51766,Wyndham Clark,89.86%,69,62
23,29,35461,Beau Hossler,89.86%,69,62
23,0,47995,Davis Riley,89.86%,69,62
23,-11,47347,Adam Schenk,89.86%,69,62
27,5,45522,Christiaan Bezuidenhout,89.71%,68,61
28,4,36799,Stephan Jaeger,89.55%,67,60
29,0,35310,Lanto Griffin,89.47%,76,68
29,11,37455,Si Woo Kim,89.47%,76,68
31,0,50188,S.H. Kim,89.33%,75,67
32,0,27649,Brandt Snedeker,89.19%,74,66
33,-32,34256,Andrew Putnam,89.04%,73,65
34,30,47504,Sam Burns,88.89%,72,64
34,0,32839,Hideki Matsuyama,88.89%,72,64
36,33,49960,Sepp Straka,88.57%,70,62
36,0,31323,Gary Woodland,88.57%,70,62
38,0,40098,Matt Fitzpatrick,88.31%,77,68
39,-34,29936,Ryan Fox,88.00%,75,66
40,0,32139,Danny Willett,87.84%,74,65
41,19,33653,Thomas Detry,87.50%,72,63
41,24,32102,Rickie Fowler,87.50%,72,63
41,0,49771,J.T. Poston,87.50%,72,63
44,23,55893,Sam Stevens,87.32%,71,62
45,3,50493,Justin Suh,87.14%,70,61
46,0,20229,Stewart Cink,86.67%,75,65
46,0,33204,Shane Lowry,86.67%,75,65
46,0,39546,Keith Mitchell,86.67%,75,65
49,-11,27349,Alex Noren,86.49%,74,64
50,-29,57362,Austin Eckroat,86.11%,72,62
51,-43,39324,J.J. Spaun,86.08%,79,68
52,0,59652,Sam Bennett,85.90%,78,67
53,0,48887,Matt Wallace,85.71%,70,60
54,0,28237,Rory McIlroy,85.53%,76,65
54,0,48081,Xander Schauffele,85.53%,76,65
56,6,31646,Emiliano Grillo,85.33%,75,64
57,-14,23983,Luke Donald,84.93%,73,62
58,0,37275,Sam Ryder,84.81%,79,67
59,0,34255,Joseph Bramlett,84.62%,78,66
60,-29,46046,Scottie Scheffler,84.52%,84,71
61,0,46970,Jon Rahm,83.75%,80,67
62,0,58168,Davis Thompson,83.54%,79,66
63,-21,35532,Tom Hoge,83.12%,77,64
64,-19,54628,Lee Hodges,82.89%,76,63
65,5,27129,Luke List,78.75%,80,63