RANK,MOVEMENT,PLAYER_ID,PLAYER,% MADE,ATTEMPTS,PUTTS MADE
1,0,34360,Patrick Reed,95.59%,68,65
2,0,51766,Wyndham Clark,94.29%,70,66
3,0,61193,David Puig,94.20%,69,65
4,0,50525,Collin Morikawa,93.15%,73,68
5,24,28237,Rory McIlroy,92.75%,69,64
6,11,34363,Tyrrell Hatton,92.65%,68,63
7,0,39546,Keith Mitchell,92.54%,67,62
8,0,34099,Harris English,92.31%,65,60
9,0,37250,Romain Langasque,91.78%,73,67
10,6,47591,Eric Cole,91.43%,70,64
10,0,32102,Rickie Fowler,91.43%,70,64
12,0,28521,Ryutaro Nagano,91.18%,68,62
12,0,36699,Patrick Rodgers,91.18%,68,62
12,0,48081,Xander Schauffele,91.18%,68,62
15,0,34256,Andrew Putnam,91.04%,67,61
16,0,36689,Brooks Koepka,90.79%,76,69
17,0,37455,Si Woo Kim,90.54%,74,67
17,48,54783,Dylan Wu,90.54%,74,67
19,0,45526,Abraham Ancer,90.41%,73,66
19,0,37378,Min Woo Lee,90.41%,73,66
21,0,20766,Padraig Harrington,90.14%,71,64
22,0,47504,Sam Burns,90.00%,70,63
22,0,35450,Patrick Cantlay,90.00%,70,63
22,0,27644,Brian Harman,90.00%,70,63
25,0,55182,Tom Kim,89.86%,69,62
26,5,33399,Adam Hadwin,89.47%,76,68
26,48,33204,Shane Lowry,89.47%,76,68
28,0,40115,Adam Svensson,89.19%,74,66
29,0,58669,Jacob Solomon,89.04%,73,65
30,0,47993,Denny McCarthy,88.89%,72,64
31,13,40098,Matt Fitzpatrick,88.73%,71,63
31,0,46717,Viktor Hovland,88.73%,71,63
33,0,46970,Jon Rahm,88.57%,70,62
34,0,35891,Cameron Smith,88.24%,68,60
35,0,29420,Billy Horschel,88.16%,76,67
35,0,45486,Joaquin Niemann,88.16%,76,67
35,0,46046,Scottie Scheffler,88.16%,76,67
38,0,46464,Jordan Smith,87.84%,74,65
39,0,64442,Gordon Sargent,87.67%,73,64
40,0,35506,Mackenzie Hughes,87.50%,72,63
40,0,50493,Justin Suh,87.50%,72,63
42,-29,59652,Sam Bennett,87.32%,71,62
43,0,48822,Sebastián Muñoz,87.01%,77,67
44,0,63343,Aldrich Potgieter,86.84%,76,66
44,-39,57366,Cameron Young,86.84%,76,66
46,-39,51634,Sahith Theegala,86.67%,75,65
47,0,57362,Austin Eckroat,86.49%,74,64
47,0,21209,Sergio Garcia,86.49%,74,64
49,0,29725,Tony Finau,86.30%,73,63
50,0,34098,Russell Henley,85.92%,71,61
51,0,29936,Ryan Fox,85.71%,77,66
51,0,31323,Gary Woodland,85.71%,77,66
53,0,48632,Yuto Katsuragawa,85.53%,76,65
54,-52,30911,Tommy Fleetwood,85.33%,75,64
55,0,12716,Charley Hoffman,85.14%,74,63
56,0,57860,Maxwell Moldovan,84.81%,79,67
57,0,55893,Sam Stevens,84.62%,78,66
58,0,47959,Bryson DeChambeau,84.21%,76,64
59,-17,59018,Ryan Gerard,83.56%,73,61
60,0,60006,Ben Carr,83.33%,78,65
60,0,30925,Dustin Johnson,83.33%,78,65
60,0,27214,Kevin Streelman,83.33%,78,65
63,0,47988,Nick Hardy,82.19%,73,60
64,0,30852,Ryo Ishikawa,81.33%,75,61
65,0,32839,Hideki Matsuyama,80.77%,78,63