RANK,MOVEMENT,PLAYER_ID,PLAYER,% MADE,ATTEMPTS,PUTTS MADE
1,7,40250,Taylor Pendrith,96.67%,30,29
2,68,27214,Kevin Streelman,94.44%,36,34
3,0,25493,Nick Taylor,94.29%,35,33
4,39,34466,Peter Malnati,93.94%,33,31
5,24,35310,Lanto Griffin,93.75%,32,30
6,6,29289,S.Y. Noh,93.33%,30,28
7,36,46340,Alex Smalley,91.89%,37,34
8,-3,33597,Harry Higgs,91.67%,36,33
8,27,49947,Taylor Moore,91.67%,36,33
8,0,53165,Doc Redman,91.67%,36,33
8,0,35617,Martin Trainer,91.67%,36,33
12,0,36801,Mark Hubbard,91.43%,35,32
12,0,33122,Russell Knox,91.43%,35,32
12,47,51997,Andrew Novak,91.43%,35,32
12,0,47983,Chad Ramey,91.43%,35,32
12,5,47347,Adam Schenk,91.43%,35,32
17,0,57975,Harry Hall,91.18%,34,31
17,0,30927,Brendon Todd,91.18%,34,31
17,0,32139,Danny Willett,91.18%,34,31
20,0,29478,Kevin Kisner,90.91%,33,30
20,5,55893,Sam Stevens,90.91%,33,30
22,0,47993,Denny McCarthy,90.63%,32,29
23,0,36871,Matt NeSmith,90.32%,31,28
24,11,39975,Michael Kim,90.00%,40,36
25,0,46717,Viktor Hovland,89.74%,39,35
25,0,34046,Jordan Spieth,89.74%,39,35
25,0,31560,Brian Stuard,89.74%,39,35
28,24,33948,Byeong Hun An,89.19%,37,33
28,0,19803,Ryan Armour,89.19%,37,33
28,0,48117,Kurt Kitayama,89.19%,37,33
28,9,32816,Satoshi Kodaira,89.19%,37,33
32,0,33408,Tyson Alexander,88.89%,36,32
32,0,52575,Paul O'Hara,88.89%,36,32
34,-20,22405,Justin Rose,88.57%,35,31
35,0,28252,Seamus Power,88.24%,34,30
36,12,46441,Robby Shelton,87.80%,41,36
36,0,52411,Kyle Westmoreland,87.80%,41,36
38,0,49766,Hank Lebioda,87.18%,39,34
39,-7,51414,Brent Grant,86.84%,38,33
39,0,26596,Ryan Moore,86.84%,38,33
41,-10,31577,Tano Goya,86.49%,37,32
42,-13,35449,Adam Long,86.11%,36,31
43,20,34255,Joseph Bramlett,85.00%,40,34
43,0,35461,Beau Hossler,85.00%,40,34
43,0,39546,Keith Mitchell,85.00%,40,34
43,0,24140,Sean O'Hair,85.00%,40,34
43,0,54783,Dylan Wu,85.00%,40,34
48,-8,54421,Garrick Higgo,84.62%,39,33
48,0,35532,Tom Hoge,84.62%,39,33
48,0,47128,Richy Werenski,84.62%,39,33
51,0,30692,Scott Stallings,84.21%,38,32
51,0,52374,Brandon Wu,84.21%,38,32
53,0,27895,Jonas Blixt,83.78%,37,31
53,0,51890,Greyson Sigg,83.78%,37,31
55,0,12716,Charley Hoffman,83.72%,43,36
55,16,48699,Callum Tarren,83.72%,43,36
57,0,28679,Fabián Gómez,83.33%,42,35
57,4,50188,S.H. Kim,83.33%,36,30
57,0,33413,Ben Martin,83.33%,42,35
60,0,34409,David Lingmerth,82.93%,41,34
61,0,47591,Eric Cole,82.50%,40,33
62,0,34076,Joel Dahmen,82.05%,39,32
62,-4,45242,Kevin Yu,82.05%,39,32
64,0,39954,Cody Gribble,81.40%,43,35
65,-19,58967,Trevor Werbylo,81.08%,37,30
66,0,20593,Greg Chalmers,80.56%,36,29
67,-15,47988,Nick Hardy,80.49%,41,33
68,0,22046,Geoff Ogilvy,80.00%,45,36
69,-1,33974,Dean Burmester,79.55%,44,35
70,0,39067,MJ Daffue,79.49%,39,31
71,-29,36724,Augusto Núñez,79.07%,43,34
72,-40,35901,Paul Haley II,78.95%,38,30
73,-41,33653,Thomas Detry,78.57%,42,33
74,0,22371,Aaron Baddeley,76.74%,43,33
75,0,27974,Sung Kang,76.32%,38,29