RANK,MOVEMENT,PLAYER_ID,PLAYER,%,TOTAL BIRDIES,TOTAL HOLES,GIR RANK
1,0,35532,Tom Hoge,34.72,25,72,17
2,0,32839,Hideki Matsuyama,31.94,23,72,34
3,39,29725,Tony Finau,30.56,22,72,10
3,31,30911,Tommy Fleetwood,30.56,22,72,34
3,7,39971,Sungjae Im,30.56,22,72,29
3,0,37378,Min Woo Lee,30.56,22,72,22
3,0,52374,Brandon Wu,30.56,22,72,63
8,7,35450,Patrick Cantlay,29.17,21,72,22
8,13,32102,Rickie Fowler,29.17,21,72,17
8,-4,34363,Tyrrell Hatton,29.17,21,72,4
8,26,46717,Viktor Hovland,29.17,21,72,10
8,0,32757,Patton Kizzire,29.17,21,72,47
8,57,49947,Taylor Moore,29.17,21,72,47
8,-4,46046,Scottie Scheffler,29.17,21,72,1
8,2,50493,Justin Suh,29.17,21,72,65
16,37,34098,Russell Henley,27.78,20,72,10
16,8,37455,Si Woo Kim,27.78,20,72,22
16,49,34409,David Lingmerth,27.78,20,72,34
16,0,47983,Chad Ramey,27.78,20,72,67
20,0,47591,Eric Cole,26.39,19,72,58
20,0,34076,Joel Dahmen,26.39,19,72,34
20,38,33204,Shane Lowry,26.39,19,72,34
20,4,39546,Keith Mitchell,26.39,19,72,58
20,14,55789,Taylor Montgomery,26.39,19,72,67
20,38,46414,Aaron Rai,26.39,19,72,2
20,22,48081,Xander Schauffele,26.39,19,72,41
20,0,50095,Austin Smotherman,26.39,19,72,47
20,45,30927,Brendon Todd,26.39,19,72,47
20,1,57366,Cameron Young,26.39,19,72,47
30,0,47504,Sam Burns,25.00,18,72,41
30,0,45157,Cam Davis,25.00,18,72,54
30,0,33399,Adam Hadwin,25.00,18,72,8
30,0,47993,Denny McCarthy,25.00,18,72,22
30,0,22405,Justin Rose,25.00,18,72,8
30,-6,40115,Adam Svensson,25.00,18,72,58
30,0,54783,Dylan Wu,25.00,18,72,29
37,-13,51766,Wyndham Clark,23.61,17,72,58
37,-13,28089,Jason Day,23.61,17,72,22
37,0,45609,Tyler Duncan,23.61,17,72,4
37,-22,29936,Ryan Fox,23.61,17,72,22
37,0,25900,Lucas Glover,23.61,17,72,47
37,0,49298,Kramer Hickok,23.61,17,72,34
37,0,54421,Garrick Higgo,23.61,17,72,10
37,5,39977,Max Homa,23.61,17,72,10
37,0,50525,Collin Morikawa,23.61,17,72,4
37,0,37275,Sam Ryder,23.61,17,72,65
37,-33,34046,Jordan Spieth,23.61,17,72,22
48,-44,25198,Francesco Molinari,22.22,16,72,10
48,0,30692,Scott Stallings,22.22,16,72,73
48,0,31323,Gary Woodland,22.22,16,72,2
51,-9,54591,Ben Griffin,20.83,15,72,41
51,0,36799,Stephan Jaeger,20.83,15,72,10
51,0,40250,Taylor Pendrith,20.83,15,72,54
51,0,49960,Sepp Straka,20.83,15,72,17
55,10,56762,Will Gordon,19.44,14,72,4
55,0,27644,Brian Harman,19.44,14,72,41
55,0,36801,Mark Hubbard,19.44,14,72,29
55,0,28775,Nate Lashley,19.44,14,72,17
55,0,33413,Ben Martin,19.44,14,72,47
55,-40,51634,Sahith Theegala,19.44,14,72,70
61,0,33948,Byeong Hun An,18.06,13,72,70
61,0,45522,Christiaan Bezuidenhout,18.06,13,72,34
61,0,34563,Chesson Hadley,18.06,13,72,17
61,0,08075,Jerry Kelly,18.06,13,72,29
61,-3,55182,Tom Kim,18.06,13,72,29
61,0,46442,Maverick McNealy,18.06,13,72,54
61,-19,24502,Adam Scott,18.06,13,72,73
61,-40,33448,Justin Thomas,18.06,13,72,58
61,-3,58168,Davis Thompson,18.06,13,72,70
61,-37,32139,Danny Willett,18.06,13,72,41
71,0,34610,Matthias Schwab,16.67,12,72,75
72,-19,22371,Aaron Baddeley,15.28,11,72,67
72,0,29478,Kevin Kisner,15.28,11,72,63
72,0,46340,Alex Smalley,15.28,11,72,54
72,-48,47483,Will Zalatoris,15.28,11,72,41