RANK,MOVEMENT,PLAYER_ID,PLAYER,%,TOTAL BIRDIES,TOTAL HOLES,GIR RANK
1,58,29221,Webb Simpson,31.94,23,72,58
2,0,33141,Keegan Bradley,27.78,20,72,26
2,0,39997,Corey Conners,27.78,20,72,50
4,0,34363,Tyrrell Hatton,26.39,19,72,8
4,-1,30926,Chris Kirk,26.39,19,72,41
4,0,48117,Kurt Kitayama,26.39,19,72,1
4,0,25198,Francesco Molinari,26.39,19,72,26
4,0,46046,Scottie Scheffler,26.39,19,72,21
4,0,34046,Jordan Spieth,26.39,19,72,62
10,57,39971,Sungjae Im,25.00,18,72,41
10,0,28237,Rory McIlroy,25.00,18,72,36
10,0,46601,Trey Mullinax,25.00,18,72,26
10,49,47995,Davis Riley,25.00,18,72,41
10,13,50493,Justin Suh,25.00,18,72,16
15,0,35450,Patrick Cantlay,23.61,17,72,8
15,44,59836,Pierceson Coody,23.61,17,72,58
15,0,29936,Ryan Fox,23.61,17,72,16
15,0,34256,Andrew Putnam,23.61,17,72,16
15,0,46970,Jon Rahm,23.61,17,72,41
15,0,51634,Sahith Theegala,23.61,17,72,8
21,0,32102,Rickie Fowler,22.22,16,72,67
21,0,33448,Justin Thomas,22.22,16,72,4
21,0,57366,Cameron Young,22.22,16,72,8
24,0,51766,Wyndham Clark,20.83,15,72,16
24,0,28089,Jason Day,20.83,15,72,16
24,0,23983,Luke Donald,20.83,15,72,26
24,0,40098,Matt Fitzpatrick,20.83,15,72,38
24,0,37455,Si Woo Kim,20.83,15,72,8
24,0,39546,Keith Mitchell,20.83,15,72,33
24,8,40115,Adam Svensson,20.83,15,72,33
24,-18,48119,Ben Taylor,20.83,15,72,58
24,-1,32139,Danny Willett,20.83,15,72,38
24,0,47483,Will Zalatoris,20.83,15,72,26
34,0,52955,Ludvig Åberg,19.44,14,72,41
34,0,33653,Thomas Detry,19.44,14,72,62
34,0,30911,Tommy Fleetwood,19.44,14,72,62
34,0,46717,Viktor Hovland,19.44,14,72,26
34,0,36326,David Lipsky,19.44,14,72,8
34,0,55789,Taylor Montgomery,19.44,14,72,50
34,0,27349,Alex Noren,19.44,14,72,38
34,0,52411,Kyle Westmoreland,19.44,14,72,41
42,0,29725,Tony Finau,18.06,13,72,8
42,-19,54591,Ben Griffin,18.06,13,72,62
42,0,31646,Emiliano Grillo,18.06,13,72,3
42,17,20766,Padraig Harrington,18.06,13,72,26
42,0,39977,Max Homa,18.06,13,72,1
42,0,27936,Martin Laird,18.06,13,72,8
42,0,23320,Ryan Palmer,18.06,13,72,21
42,0,48081,Xander Schauffele,18.06,13,72,67
42,-6,47347,Adam Schenk,18.06,13,72,33
42,0,24502,Adam Scott,18.06,13,72,4
42,-19,46441,Robby Shelton,18.06,13,72,71
53,0,22371,Aaron Baddeley,16.67,12,72,50
53,0,34099,Harris English,16.67,12,72,21
53,0,47987,Cole Hammer,16.67,12,72,72
53,0,34098,Russell Henley,16.67,12,72,50
53,27,50188,S.H. Kim,16.67,12,72,50
58,0,35506,Mackenzie Hughes,15.28,11,72,50
58,-47,24024,Zach Johnson,15.28,11,72,50
58,0,55182,Tom Kim,15.28,11,72,36
58,0,59871,Greg Koch,15.28,11,72,67
58,-35,33204,Shane Lowry,15.28,11,72,41
58,0,46414,Aaron Rai,15.28,11,72,4
58,0,58168,Davis Thompson,15.28,11,72,41
65,-29,56762,Will Gordon,13.89,10,72,4
65,-33,34409,David Lingmerth,13.89,10,72,41
65,0,49947,Taylor Moore,13.89,10,72,67
65,0,30927,Brendon Todd,13.89,10,72,21
69,0,36871,Matt NeSmith,12.50,9,72,62
70,0,28252,Seamus Power,11.11,8,72,58
71,0,32791,K.H. Lee,9.72,7,72,21
71,0,51890,Greyson Sigg,9.72,7,72,50