RANK,MOVEMENT,PLAYER_ID,PLAYER,%,TOTAL BIRDIES,TOTAL HOLES,GIR RANK
1,0,01810,Phil Mickelson,29.17,21,72,16
1,0,34046,Jordan Spieth,29.17,21,72,29
3,0,46970,Jon Rahm,27.78,20,72,3
3,0,57366,Cameron Young,27.78,20,72,11
5,0,45486,Joaquin Niemann,26.39,19,72,29
5,0,34360,Patrick Reed,26.39,19,72,23
7,0,51634,Sahith Theegala,25.00,18,72,16
8,0,47504,Sam Burns,23.61,17,72,8
8,0,35450,Patrick Cantlay,23.61,17,72,2
8,0,36689,Brooks Koepka,23.61,17,72,11
8,0,32791,K.H. Lee,23.61,17,72,34
12,0,35506,Mackenzie Hughes,22.22,16,72,43
12,0,39971,Sungjae Im,22.22,16,72,34
12,0,28252,Seamus Power,22.22,16,72,51
15,0,46717,Viktor Hovland,20.83,15,72,29
15,0,49947,Taylor Moore,20.83,15,72,34
15,0,22405,Justin Rose,20.83,15,72,34
15,0,48081,Xander Schauffele,20.83,15,72,3
19,0,33141,Keegan Bradley,19.44,14,72,48
19,0,28089,Jason Day,19.44,14,72,34
19,0,40098,Matt Fitzpatrick,19.44,14,72,19
19,0,29936,Ryan Fox,19.44,14,72,16
19,0,46402,Talor Gooch,19.44,14,72,23
19,0,34098,Russell Henley,19.44,14,72,11
19,0,29420,Billy Horschel,19.44,14,72,43
19,0,30925,Dustin Johnson,19.44,14,72,11
19,34,30926,Chris Kirk,19.44,14,72,34
19,0,50525,Collin Morikawa,19.44,14,72,19
19,0,33293,Thomas Pieters,19.44,14,72,47
19,0,46046,Scottie Scheffler,19.44,14,72,1
19,0,30692,Scott Stallings,19.44,14,72,29
19,0,31323,Gary Woodland,19.44,14,72,5
33,0,29725,Tony Finau,18.06,13,72,11
33,0,39977,Max Homa,18.06,13,72,46
33,-28,37455,Si Woo Kim,18.06,13,72,34
33,0,33204,Shane Lowry,18.06,13,72,5
33,3,32839,Hideki Matsuyama,18.06,13,72,29
33,0,35891,Cameron Smith,18.06,13,72,53
33,-19,49960,Sepp Straka,18.06,13,72,51
40,0,45526,Abraham Ancer,16.67,12,72,23
40,0,55182,Tom Kim,16.67,12,72,5
42,0,01226,Fred Couples,15.28,11,72,48
42,0,30911,Tommy Fleetwood,15.28,11,72,43
42,0,34363,Tyrrell Hatton,15.28,11,72,23
42,0,39546,Keith Mitchell,15.28,11,72,23
42,0,47529,Mito Pereira,15.28,11,72,8
42,0,37189,Harold Varner III,15.28,11,72,48
48,0,59652,Sam Bennett,13.89,10,72,19
48,0,49771,J.T. Poston,13.89,10,72,23
48,0,24502,Adam Scott,13.89,10,72,19
51,0,34099,Harris English,12.50,9,72,34
51,0,24024,Zach Johnson,12.50,9,72,8
53,0,26331,Charl Schwartzel,11.11,8,72,34