RANK,MOVEMENT,PLAYER_ID,PLAYER,%,TOTAL BIRDIES,TOTAL HOLES,GIR RANK
1,0,55708,Hayden Buckley,30.56,22,72,4
1,7,35450,Patrick Cantlay,30.56,22,72,39
1,0,34046,Jordan Spieth,30.56,22,72,11
4,0,45157,Cam Davis,29.17,21,72,17
4,44,24502,Adam Scott,29.17,21,72,17
6,13,40098,Matt Fitzpatrick,27.78,20,72,23
6,0,31646,Emiliano Grillo,27.78,20,72,48
6,6,39971,Sungjae Im,27.78,20,72,8
6,0,33413,Ben Martin,27.78,20,72,61
6,9,48081,Xander Schauffele,27.78,20,72,7
6,0,30927,Brendon Todd,27.78,20,72,48
12,-4,47504,Sam Burns,26.39,19,72,30
12,30,30911,Tommy Fleetwood,26.39,19,72,8
12,0,32448,James Hahn,26.39,19,72,30
12,0,36801,Mark Hubbard,26.39,19,72,30
12,0,32757,Patton Kizzire,26.39,19,72,45
12,3,22405,Justin Rose,26.39,19,72,45
12,7,46046,Scottie Scheffler,26.39,19,72,8
12,-5,51634,Sahith Theegala,26.39,19,72,30
12,-9,57366,Cameron Young,26.39,19,72,48
21,12,29725,Tony Finau,25.00,18,72,57
21,0,54591,Ben Griffin,25.00,18,72,68
21,-6,49947,Taylor Moore,25.00,18,72,67
21,-18,46970,Jon Rahm,25.00,18,72,5
21,0,33448,Justin Thomas,25.00,18,72,23
21,0,25632,Jimmy Walker,25.00,18,72,48
21,-2,31323,Gary Woodland,25.00,18,72,30
21,0,52513,Carson Young,25.00,18,72,23
29,0,32102,Rickie Fowler,23.61,17,72,17
29,0,52375,Doug Ghim,23.61,17,72,61
29,0,54628,Lee Hodges,23.61,17,72,57
29,0,40115,Adam Svensson,23.61,17,72,23
29,0,25493,Nick Taylor,23.61,17,72,48
29,0,32150,Michael Thompson,23.61,17,72,17
35,0,45522,Christiaan Bezuidenhout,22.22,16,72,39
35,0,39997,Corey Conners,22.22,16,72,14
35,0,27644,Brian Harman,22.22,16,72,2
35,0,23108,Matt Kuchar,22.22,16,72,23
35,0,47993,Denny McCarthy,22.22,16,72,23
35,-16,50525,Collin Morikawa,22.22,16,72,5
35,0,46414,Aaron Rai,22.22,16,72,30
35,0,32139,Danny Willett,22.22,16,72,48
43,-24,33141,Keegan Bradley,20.83,15,72,48
43,-1,34363,Tyrrell Hatton,20.83,15,72,17
43,-24,30926,Chris Kirk,20.83,15,72,30
43,0,28775,Nate Lashley,20.83,15,72,61
43,-35,32791,K.H. Lee,20.83,15,72,39
43,0,35449,Adam Long,20.83,15,72,61
43,0,34256,Andrew Putnam,20.83,15,72,30
43,0,26476,Chez Reavie,20.83,15,72,11
43,0,50493,Justin Suh,20.83,15,72,73
52,-33,34098,Russell Henley,19.44,14,72,23
52,0,39058,Lucas Herbert,19.44,14,72,17
52,0,54421,Garrick Higgo,19.44,14,72,70
52,0,35461,Beau Hossler,19.44,14,72,16
52,0,36699,Patrick Rodgers,19.44,14,72,1
52,0,50095,Austin Smotherman,19.44,14,72,61
52,-33,30692,Scott Stallings,19.44,14,72,57
52,0,27214,Kevin Streelman,19.44,14,72,14
60,0,51766,Wyndham Clark,18.06,13,72,57
60,0,23983,Luke Donald,18.06,13,72,72
60,0,36871,Matt NeSmith,18.06,13,72,48
60,0,47347,Adam Schenk,18.06,13,72,30
60,0,58168,Davis Thompson,18.06,13,72,68
65,0,06522,Ernie Els,16.67,12,72,45
65,-14,34099,Harris English,16.67,12,72,39
65,0,31557,Jim Herman,16.67,12,72,39
65,-50,46717,Viktor Hovland,16.67,12,72,2
65,0,51950,Max McGreevy,16.67,12,72,71
70,-19,24024,Zach Johnson,13.89,10,72,48
70,-37,33204,Shane Lowry,13.89,10,72,11
72,0,40162,Justin Lower,12.50,9,72,39
73,0,49298,Kramer Hickok,11.11,8,72,61