RANK,MOVEMENT,PLAYER_ID,PLAYER,%,TOTAL BIRDIES,TOTAL HOLES,GIR RANK
1,0,32102,Rickie Fowler,31.94%,23,72,9
2,0,51766,Wyndham Clark,27.78%,20,72,9
3,0,55182,Tom Kim,26.39%,19,72,3
3,0,64442,Gordon Sargent,26.39%,19,72,41
3,0,48081,Xander Schauffele,26.39%,19,72,6
3,0,35891,Cameron Smith,26.39%,19,72,19
7,0,34099,Harris English,25.00%,18,72,31
8,0,35450,Patrick Cantlay,23.61%,17,72,50
8,-5,30911,Tommy Fleetwood,23.61%,17,72,27
8,0,30925,Dustin Johnson,23.61%,17,72,14
8,14,28237,Rory McIlroy,23.61%,17,72,1
8,0,50525,Collin Morikawa,23.61%,17,72,3
8,0,46046,Scottie Scheffler,23.61%,17,72,14
14,16,59018,Ryan Gerard,22.22%,16,72,65
14,0,39546,Keith Mitchell,22.22%,16,72,3
14,0,28521,Ryutaro Nagano,22.22%,16,72,41
14,0,36699,Patrick Rodgers,22.22%,16,72,41
14,25,51634,Sahith Theegala,22.22%,16,72,41
19,-4,59652,Sam Bennett,20.83%,15,72,63
19,-16,47591,Eric Cole,20.83%,15,72,41
19,0,47959,Bryson DeChambeau,20.83%,15,72,9
19,0,47988,Nick Hardy,20.83%,15,72,9
19,0,48632,Yuto Katsuragawa,20.83%,15,72,56
19,0,37378,Min Woo Lee,20.83%,15,72,2
19,0,32839,Hideki Matsuyama,20.83%,15,72,19
19,0,46464,Jordan Smith,20.83%,15,72,27
19,0,50493,Justin Suh,20.83%,15,72,38
19,0,31323,Gary Woodland,20.83%,15,72,27
29,0,27644,Brian Harman,19.44%,14,72,19
29,0,34098,Russell Henley,19.44%,14,72,6
29,0,46717,Viktor Hovland,19.44%,14,72,31
29,0,61193,David Puig,19.44%,14,72,56
29,0,27214,Kevin Streelman,19.44%,14,72,19
29,-7,54783,Dylan Wu,19.44%,14,72,19
29,32,57366,Cameron Young,19.44%,14,72,14
36,0,47504,Sam Burns,18.06%,13,72,56
36,0,57362,Austin Eckroat,18.06%,13,72,6
36,0,36689,Brooks Koepka,18.06%,13,72,34
36,0,47993,Denny McCarthy,18.06%,13,72,19
36,0,34256,Andrew Putnam,18.06%,13,72,34
36,0,46970,Jon Rahm,18.06%,13,72,9
36,0,34360,Patrick Reed,18.06%,13,72,50
43,0,29725,Tony Finau,16.67%,12,72,50
43,0,21209,Sergio Garcia,16.67%,12,72,50
43,0,29420,Billy Horschel,16.67%,12,72,56
43,0,45486,Joaquin Niemann,16.67%,12,72,19
43,0,55893,Sam Stevens,16.67%,12,72,41
43,0,40115,Adam Svensson,16.67%,12,72,50
49,0,45526,Abraham Ancer,15.28%,11,72,14
49,-19,40098,Matt Fitzpatrick,15.28%,11,72,34
49,0,29936,Ryan Fox,15.28%,11,72,19
49,0,20766,Padraig Harrington,15.28%,11,72,27
49,0,35506,Mackenzie Hughes,15.28%,11,72,50
49,0,30852,Ryo Ishikawa,15.28%,11,72,38
49,0,37455,Si Woo Kim,15.28%,11,72,41
49,-42,33204,Shane Lowry,15.28%,11,72,56
49,0,48822,Sebastián Muñoz,15.28%,11,72,14
49,0,63343,Aldrich Potgieter,15.28%,11,72,41
59,-57,34363,Tyrrell Hatton,13.89%,10,72,41
59,0,37250,Romain Langasque,13.89%,10,72,34
59,0,58669,Jacob Solomon,13.89%,10,72,62
62,0,60006,Ben Carr,12.50%,9,72,31
62,0,12716,Charley Hoffman,12.50%,9,72,38
62,0,57860,Maxwell Moldovan,12.50%,9,72,64
65,-50,33399,Adam Hadwin,11.11%,8,72,56