RANK,MOVEMENT,PLAYER_ID,PLAYER,%,TOTAL BIRDIES,TOTAL HOLES,GIR RANK
1,0,49960,Sepp Straka,29.17%,21,72,1
2,54,27644,Brian Harman,25.00%,18,72,14
3,0,28089,Jason Day,23.61%,17,72,33
3,0,55721,Alex Fitzpatrick,23.61%,17,72,45
3,0,31646,Emiliano Grillo,23.61%,17,72,4
3,8,46717,Viktor Hovland,23.61%,17,72,8
7,8,33653,Thomas Detry,22.22%,16,72,14
7,25,39977,Max Homa,22.22%,16,72,22
7,0,39971,Sungjae Im,22.22%,16,72,54
7,-3,55182,Tom Kim,22.22%,16,72,40
7,0,46970,Jon Rahm,22.22%,16,72,14
7,0,57366,Cameron Young,22.22%,16,72,3
13,-11,34363,Tyrrell Hatton,20.83%,15,72,11
13,51,37250,Romain Langasque,20.83%,15,72,48
13,0,27349,Alex Noren,20.83%,15,72,67
13,0,26329,Louis Oosthuizen,20.83%,15,72,54
13,-7,46046,Scottie Scheffler,20.83%,15,72,7
18,14,34310,Alexander Björk,19.44%,14,72,33
18,-16,52453,Nicolai Hojgaard,19.44%,14,72,40
18,29,55955,Matthew Jordan,19.44%,14,72,22
18,-17,28237,Rory McIlroy,19.44%,14,72,11
18,14,34256,Andrew Putnam,19.44%,14,72,8
18,0,30927,Brendon Todd,19.44%,14,72,14
24,0,45836,Richard Bland,18.06%,13,72,30
24,-18,29936,Ryan Fox,18.06%,13,72,60
24,0,55509,Hurly Long,18.06%,13,72,48
24,50,46646,Antoine Rozner,18.06%,13,72,33
24,-13,23481,Marcel Siem,18.06%,13,72,22
24,0,35891,Cameron Smith,18.06%,13,72,45
24,0,21528,Henrik Stenson,18.06%,13,72,33
24,0,35913,Michael Stewart,18.06%,13,72,73
32,0,34362,Laurie Canter,16.67%,12,72,8
32,0,20229,Stewart Cink,16.67%,12,72,54
32,0,47959,Bryson DeChambeau,16.67%,12,72,71
32,0,40098,Matt Fitzpatrick,16.67%,12,72,33
32,-28,30911,Tommy Fleetwood,16.67%,12,72,14
32,24,32102,Rickie Fowler,16.67%,12,72,54
32,0,20766,Padraig Harrington,16.67%,12,72,48
32,-17,37378,Min Woo Lee,16.67%,12,72,54
32,15,47679,Victor Perez,16.67%,12,72,14
32,0,33293,Thomas Pieters,16.67%,12,72,48
32,0,34360,Patrick Reed,16.67%,12,72,60
32,-7,48081,Xander Schauffele,16.67%,12,72,11
32,0,30692,Scott Stallings,16.67%,12,72,48
45,0,45522,Christiaan Bezuidenhout,15.28%,11,72,40
45,0,35450,Patrick Cantlay,15.28%,11,72,33
45,-13,39997,Corey Conners,15.28%,11,72,73
45,0,39412,Zack Fischer,15.28%,11,72,48
45,0,47056,Rikuya Hoshino,15.28%,11,72,60
45,0,24024,Zach Johnson,15.28%,11,72,67
45,0,36689,Brooks Koepka,15.28%,11,72,40
45,0,54422,Christo Lamprecht,15.28%,11,72,67
45,0,33674,Adrian Meronk,15.28%,11,72,4
45,0,34575,Adrian Otaegui,15.28%,11,72,30
45,-30,49771,J.T. Poston,15.28%,11,72,22
45,0,24502,Adam Scott,15.28%,11,72,22
45,0,34046,Jordan Spieth,15.28%,11,72,22
45,26,52666,Sami Valimaki,15.28%,11,72,22
45,-13,31323,Gary Woodland,15.28%,11,72,66
60,-54,33948,Byeong Hun An,13.89%,10,72,54
60,-45,51766,Wyndham Clark,13.89%,10,72,14
60,-49,52215,Robert MacIntyre,13.89%,10,72,60
60,0,32839,Hideki Matsuyama,13.89%,10,72,1
60,-4,46464,Jordan Smith,13.89%,10,72,40
65,0,45526,Abraham Ancer,12.50%,9,72,4
65,0,45523,Thriston Lawrence,12.50%,9,72,75
65,6,28300,Joost Luiten,12.50%,9,72,33
65,0,65374,Brandon Robinson Thompson,12.50%,9,72,60
65,0,39113,Shubhankar Sharma,12.50%,9,72,14
65,0,35174,Matthew Southgate,12.50%,9,72,22
65,0,27506,Oliver Wilson,12.50%,9,72,71
72,-57,34409,David Lingmerth,11.11%,8,72,60
72,-25,29531,Richie Ramsay,11.11%,8,72,67
74,0,32139,Danny Willett,9.72%,7,72,76
75,-28,48117,Kurt Kitayama,8.33%,6,72,30
75,-1,39834,Guido Migliozzi,8.33%,6,72,45