RANK,MOVEMENT,PLAYER_ID,PLAYER,%,SUCCESSES,ATTEMPTS
1,0,48081,Xander Schauffele,100.00,5,5
2,0,46717,Viktor Hovland,90.00,9,10
2,0,30927,Brendon Todd,90.00,9,10
4,0,34099,Harris English,88.24,15,17
4,0,51890,Greyson Sigg,88.24,15,17
6,0,31646,Emiliano Grillo,87.50,7,8
7,72,33204,Shane Lowry,83.33,10,12
8,0,51766,Wyndham Clark,80.00,8,10
8,0,36871,Matt NeSmith,80.00,8,10
10,0,39997,Corey Conners,75.00,6,8
10,0,24502,Adam Scott,75.00,6,8
10,43,40115,Adam Svensson,75.00,12,16
13,0,52955,Ludvig Åberg,73.33,11,15
14,0,33653,Thomas Detry,72.73,8,11
14,48,20766,Padraig Harrington,72.73,8,11
14,0,28237,Rory McIlroy,72.73,8,11
17,0,47987,Cole Hammer,72.22,13,18
18,0,40098,Matt Fitzpatrick,71.43,10,14
18,0,46046,Scottie Scheffler,71.43,10,14
20,0,32102,Rickie Fowler,70.59,12,17
21,0,48117,Kurt Kitayama,70.00,7,10
22,37,32139,Danny Willett,69.23,9,13
23,0,22371,Aaron Baddeley,66.67,8,12
23,30,59836,Pierceson Coody,66.67,8,12
23,0,28089,Jason Day,66.67,4,6
23,0,30911,Tommy Fleetwood,66.67,10,15
23,0,29936,Ryan Fox,66.67,6,9
23,0,35506,Mackenzie Hughes,66.67,10,15
23,-4,39971,Sungjae Im,66.67,10,15
23,0,32791,K.H. Lee,66.67,6,9
23,0,49947,Taylor Moore,66.67,8,12
23,0,27349,Alex Noren,66.67,4,6
23,-4,47995,Davis Riley,66.67,10,15
23,-18,46441,Robby Shelton,66.67,16,24
35,-23,24024,Zach Johnson,64.71,11,17
36,0,29725,Tony Finau,63.64,7,11
36,0,46414,Aaron Rai,63.64,7,11
36,-17,50493,Justin Suh,63.64,7,11
39,-38,50188,S.H. Kim,63.16,12,19
40,0,23983,Luke Donald,62.50,5,8
40,0,55789,Taylor Montgomery,62.50,10,16
40,0,58168,Davis Thompson,62.50,10,16
40,0,52411,Kyle Westmoreland,62.50,10,16
44,-4,54591,Ben Griffin,61.54,8,13
44,0,46601,Trey Mullinax,61.54,8,13
46,0,34098,Russell Henley,60.00,9,15
46,0,37455,Si Woo Kim,60.00,6,10
46,0,34046,Jordan Spieth,60.00,9,15
49,0,51634,Sahith Theegala,58.33,7,12
50,0,35450,Patrick Cantlay,57.14,4,7
51,0,34363,Tyrrell Hatton,55.56,5,9
51,11,30926,Chris Kirk,55.56,5,9
51,0,23320,Ryan Palmer,55.56,5,9
54,0,36326,David Lipsky,54.55,6,11
54,-7,47347,Adam Schenk,54.55,6,11
56,-37,48119,Ben Taylor,53.33,8,15
57,0,33141,Keegan Bradley,50.00,6,12
57,0,39977,Max Homa,50.00,5,10
57,0,55182,Tom Kim,50.00,9,18
57,0,27936,Martin Laird,50.00,5,10
61,0,59871,Greg Koch,45.45,5,11
61,0,39546,Keith Mitchell,45.45,5,11
61,0,28252,Seamus Power,45.45,5,11
61,0,47483,Will Zalatoris,45.45,5,11
65,0,46970,Jon Rahm,44.44,4,9
65,0,33448,Justin Thomas,44.44,4,9
67,0,57366,Cameron Young,42.86,3,7
68,7,56762,Will Gordon,40.00,4,10
69,-36,34409,David Lingmerth,38.46,5,13
70,0,34256,Andrew Putnam,37.50,3,8
71,-12,29221,Webb Simpson,33.33,4,12
72,0,25198,Francesco Molinari,30.77,4,13