RANK,MOVEMENT,PLAYER_ID,PLAYER,%,SUCCESSES,ATTEMPTS
1,19,46046,Scottie Scheffler,100.00%,3,3
1,28,30927,Brendon Todd,100.00%,11,11
3,-2,28237,Rory McIlroy,88.89%,8,9
4,0,34256,Andrew Putnam,83.33%,5,6
5,15,27644,Brian Harman,77.78%,7,9
5,3,39971,Sungjae Im,77.78%,7,9
5,24,47993,Denny McCarthy,77.78%,7,9
8,6,57366,Cameron Young,76.47%,13,17
9,5,46970,Jon Rahm,73.33%,11,15
10,34,49960,Sepp Straka,72.73%,8,11
11,-6,35450,Patrick Cantlay,66.67%,6,9
11,25,30911,Tommy Fleetwood,66.67%,4,6
11,38,34098,Russell Henley,66.67%,4,6
11,38,46717,Viktor Hovland,66.67%,4,6
15,34,51766,Wyndham Clark,63.64%,7,11
15,44,29725,Tony Finau,63.64%,7,11
17,27,35532,Tom Hoge,62.50%,10,16
17,-7,50525,Collin Morikawa,62.50%,5,8
19,1,48081,Xander Schauffele,60.00%,6,10
20,0,54628,Lee Hodges,58.33%,7,12
20,12,36699,Patrick Rodgers,58.33%,7,12
20,0,40115,Adam Svensson,58.33%,7,12
23,40,39997,Corey Conners,57.14%,4,7
23,13,40098,Matt Fitzpatrick,57.14%,4,7
23,21,47347,Adam Schenk,57.14%,4,7
26,21,33399,Adam Hadwin,54.55%,6,11
26,-14,39977,Max Homa,54.55%,6,11
28,-27,33948,Byeong Hun An,52.94%,9,17
29,20,47591,Eric Cole,50.00%,7,14
29,39,28089,Jason Day,50.00%,7,14
29,10,34363,Tyrrell Hatton,50.00%,6,12
29,-18,30926,Chris Kirk,50.00%,5,10
33,29,25493,Nick Taylor,47.06%,8,17
34,-20,55182,Tom Kim,45.45%,5,11
34,9,48117,Kurt Kitayama,45.45%,5,11
34,-5,34046,Jordan Spieth,45.45%,5,11
37,28,47504,Sam Burns,44.44%,4,9
38,-5,32102,Rickie Fowler,43.75%,7,16
39,-33,25900,Lucas Glover,42.86%,3,7
39,8,28252,Seamus Power,42.86%,6,14
41,18,34099,Harris English,40.00%,4,10
41,-8,49947,Taylor Moore,40.00%,6,15
41,-21,22405,Justin Rose,40.00%,2,5
44,-37,37455,Si Woo Kim,37.50%,3,8
45,16,45157,Cam Davis,33.33%,2,6
45,4,31646,Emiliano Grillo,33.33%,3,9
47,-44,51634,Sahith Theegala,30.00%,3,10
48,-28,49771,J.T. Poston,28.57%,2,7
49,20,33141,Keegan Bradley,20.00%,1,5