RANK,MOVEMENT,PLAYER_ID,PLAYER,%,SUCCESSES,ATTEMPTS
1,0,34363,Tyrrell Hatton,83.33%,10,12
1,0,32839,Hideki Matsuyama,83.33%,10,12
3,54,34256,Andrew Putnam,77.78%,7,9
3,-2,46046,Scottie Scheffler,77.78%,7,9
5,0,40250,Taylor Pendrith,75.00%,12,16
6,0,20229,Stewart Cink,72.22%,13,18
7,0,28252,Seamus Power,71.43%,10,14
8,0,48081,Xander Schauffele,70.59%,12,17
9,59,29936,Ryan Fox,70.00%,7,10
10,13,49960,Sepp Straka,68.75%,11,16
11,12,55893,Sam Stevens,68.18%,15,22
12,57,36799,Stephan Jaeger,66.67%,10,15
12,0,49771,J.T. Poston,66.67%,12,18
12,0,34046,Jordan Spieth,66.67%,10,15
15,28,32102,Rickie Fowler,64.71%,11,17
15,0,37275,Sam Ryder,64.71%,11,17
17,3,45522,Christiaan Bezuidenhout,64.29%,9,14
17,16,54628,Lee Hodges,64.29%,9,14
17,-1,37455,Si Woo Kim,64.29%,9,14
17,0,24502,Adam Scott,64.29%,9,14
21,12,33948,Byeong Hun An,63.64%,14,22
22,0,40098,Matt Fitzpatrick,62.50%,10,16
22,0,47993,Denny McCarthy,62.50%,10,16
22,38,50493,Justin Suh,62.50%,10,16
25,0,35450,Patrick Cantlay,61.54%,8,13
26,0,55789,Taylor Montgomery,61.11%,11,18
27,-19,23983,Luke Donald,60.00%,6,10
27,-8,34098,Russell Henley,60.00%,9,15
27,-4,36801,Mark Hubbard,60.00%,9,15
27,0,33204,Shane Lowry,60.00%,9,15
27,0,28237,Rory McIlroy,60.00%,12,20
27,32,26476,Chez Reavie,60.00%,15,25
33,0,23108,Matt Kuchar,58.82%,10,17
33,0,46970,Jon Rahm,58.82%,10,17
35,4,47504,Sam Burns,58.33%,7,12
35,0,39546,Keith Mitchell,58.33%,7,12
37,-17,27349,Alex Noren,57.89%,11,19
38,0,50188,S.H. Kim,57.14%,8,14
39,0,54421,Garrick Higgo,56.25%,9,16
40,-35,35461,Beau Hossler,55.56%,5,9
41,-32,36326,David Lipsky,54.55%,6,11
42,0,47591,Eric Cole,53.85%,7,13
42,-38,47347,Adam Schenk,53.85%,7,13
44,0,34255,Joseph Bramlett,52.63%,10,19
44,26,34099,Harris English,52.63%,10,19
46,4,57362,Austin Eckroat,50.00%,6,12
46,20,35532,Tom Hoge,50.00%,5,10
46,-26,46717,Viktor Hovland,50.00%,6,12
46,0,39971,Sungjae Im,50.00%,3,6
46,-9,27129,Luke List,50.00%,6,12
46,0,47995,Davis Riley,50.00%,7,14
46,-7,36699,Patrick Rodgers,50.00%,7,14
46,0,31323,Gary Woodland,50.00%,8,16
54,0,59652,Sam Bennett,46.67%,7,15
54,0,33141,Keegan Bradley,46.67%,7,15
56,0,58168,Davis Thompson,45.45%,5,11
57,0,51634,Sahith Theegala,43.75%,7,16
57,0,32139,Danny Willett,43.75%,7,16
59,5,31646,Emiliano Grillo,42.86%,6,14
59,0,27649,Brandt Snedeker,42.86%,6,14
61,0,35310,Lanto Griffin,40.00%,8,20
62,-29,39324,J.J. Spaun,37.50%,6,16
63,0,51766,Wyndham Clark,30.00%,3,10
64,-25,33653,Thomas Detry,27.27%,3,11
65,0,48887,Matt Wallace,14.29%,1,7