RANK,MOVEMENT,PLAYER_ID,PLAYER,%,SUCCESSES,ATTEMPTS
1,0,34360,Patrick Reed,86.67%,13,15
2,0,50493,Justin Suh,80.00%,8,10
3,0,45157,Cam Davis,78.57%,11,14
4,0,46717,Viktor Hovland,77.78%,7,9
5,0,36699,Patrick Rodgers,75.00%,9,12
6,0,22764,Michael Block,73.33%,11,15
7,-6,33399,Adam Hadwin,71.43%,5,7
7,0,30926,Chris Kirk,71.43%,10,14
9,29,47591,Eric Cole,69.23%,9,13
9,13,32839,Hideki Matsuyama,69.23%,9,13
11,0,49771,J.T. Poston,66.67%,10,15
11,0,37189,Harold Varner III,66.67%,10,15
13,0,33974,Dean Burmester,64.71%,11,17
13,0,26476,Chez Reavie,64.71%,11,17
15,0,36689,Brooks Koepka,63.64%,7,11
15,0,47679,Victor Perez,63.64%,7,11
15,0,33448,Justin Thomas,63.64%,7,11
18,-17,34363,Tyrrell Hatton,63.16%,12,19
19,0,47993,Denny McCarthy,62.50%,10,16
19,24,46046,Scottie Scheffler,62.50%,5,8
21,0,39997,Corey Conners,61.54%,8,13
22,0,34046,Jordan Spieth,60.00%,3,5
23,0,47959,Bryson DeChambeau,58.33%,7,12
23,0,52453,Nicolai Hojgaard,58.33%,7,12
25,0,47056,Rikuya Hoshino,57.14%,8,14
26,0,55708,Hayden Buckley,56.25%,9,16
26,0,35461,Beau Hossler,56.25%,9,16
28,0,39977,Max Homa,55.56%,10,18
28,0,29670,Pablo Larrazabal,55.56%,10,18
30,0,48081,Xander Schauffele,54.55%,6,11
31,0,30925,Dustin Johnson,53.85%,7,13
32,0,39546,Keith Mitchell,53.33%,8,15
32,45,55789,Taylor Montgomery,53.33%,8,15
34,0,22405,Justin Rose,52.94%,9,17
35,0,34076,Joel Dahmen,50.00%,6,12
35,0,29936,Ryan Fox,50.00%,7,14
35,0,20766,Padraig Harrington,50.00%,7,14
35,-25,36799,Stephan Jaeger,50.00%,7,14
35,0,28237,Rory McIlroy,50.00%,5,10
35,0,47529,Mito Pereira,50.00%,6,12
41,0,46340,Alex Smalley,46.67%,7,15
41,0,48887,Matt Wallace,46.67%,7,15
43,0,48119,Ben Taylor,46.15%,6,13
44,0,40250,Taylor Pendrith,45.45%,5,11
45,0,29725,Tony Finau,45.00%,9,20
46,0,33204,Shane Lowry,44.44%,4,9
46,0,46970,Jon Rahm,44.44%,8,18
46,35,24502,Adam Scott,44.44%,4,9
49,0,01810,Phil Mickelson,43.75%,7,16
49,0,33293,Thomas Pieters,43.75%,7,16
49,0,35891,Cameron Smith,43.75%,7,16
52,0,49947,Taylor Moore,42.86%,6,14
53,0,33653,Thomas Detry,41.67%,5,12
53,0,48117,Kurt Kitayama,41.67%,5,12
53,0,48051,Yannik Paul,41.67%,5,12
56,0,30911,Tommy Fleetwood,40.00%,4,10
56,0,39058,Lucas Herbert,40.00%,6,15
56,4,35532,Tom Hoge,40.00%,6,15
56,0,32369,Sihwan Kim,40.00%,6,15
56,4,32791,K.H. Lee,40.00%,4,10
56,2,36871,Matt NeSmith,40.00%,4,10
56,0,49960,Sepp Straka,40.00%,4,10
63,0,36801,Mark Hubbard,36.36%,4,11
64,0,35778,Kazuki Higa,33.33%,5,15
64,0,40115,Adam Svensson,33.33%,4,12
66,-44,55893,Sam Stevens,31.25%,5,16
66,0,51634,Sahith Theegala,31.25%,5,16
68,0,37378,Min Woo Lee,30.77%,4,13
69,0,33141,Keegan Bradley,30.00%,3,10
69,0,48699,Callum Tarren,30.00%,3,10
71,0,24024,Zach Johnson,28.57%,2,7
71,0,45523,Thriston Lawrence,28.57%,4,14
73,0,50525,Collin Morikawa,27.27%,3,11
74,0,54628,Lee Hodges,23.08%,3,13
75,0,33674,Adrian Meronk,14.29%,1,7
76,0,35450,Patrick Cantlay,12.50%,1,8