RANK,MOVEMENT,PLAYER_ID,PLAYER,%,SUCCESSES,ATTEMPTS
1,0,29725,Tony Finau,100.00%,5,5
2,0,51766,Wyndham Clark,75.00%,3,4
3,0,21209,Sergio Garcia,71.43%,5,7
3,0,36689,Brooks Koepka,71.43%,5,7
5,0,29420,Billy Horschel,66.67%,4,6
5,0,37455,Si Woo Kim,66.67%,2,3
5,0,37250,Romain Langasque,66.67%,2,3
5,29,28237,Rory McIlroy,66.67%,2,3
5,0,34256,Andrew Putnam,66.67%,2,3
5,0,46464,Jordan Smith,66.67%,4,6
11,0,57362,Austin Eckroat,60.00%,3,5
11,0,37378,Min Woo Lee,60.00%,3,5
13,16,47591,Eric Cole,55.56%,5,9
14,0,46717,Viktor Hovland,54.55%,6,11
15,0,35450,Patrick Cantlay,50.00%,2,4
15,0,60006,Ben Carr,50.00%,4,8
15,0,47959,Bryson DeChambeau,50.00%,3,6
15,12,40098,Matt Fitzpatrick,50.00%,2,4
15,0,47988,Nick Hardy,50.00%,2,4
15,39,34363,Tyrrell Hatton,50.00%,6,12
15,0,12716,Charley Hoffman,50.00%,3,6
15,0,35506,Mackenzie Hughes,50.00%,3,6
15,0,30925,Dustin Johnson,50.00%,4,8
15,0,39546,Keith Mitchell,50.00%,3,6
15,0,63343,Aldrich Potgieter,50.00%,2,4
15,0,34360,Patrick Reed,50.00%,4,8
15,0,46046,Scottie Scheffler,50.00%,1,2
15,0,35891,Cameron Smith,50.00%,3,6
15,0,55893,Sam Stevens,50.00%,1,2
15,0,50493,Justin Suh,50.00%,1,2
15,0,31323,Gary Woodland,50.00%,4,8
15,53,54783,Dylan Wu,50.00%,4,8
15,19,57366,Cameron Young,50.00%,2,4
34,0,48632,Yuto Katsuragawa,44.44%,4,9
35,20,33399,Adam Hadwin,42.86%,3,7
35,0,47993,Denny McCarthy,42.86%,3,7
35,0,36699,Patrick Rodgers,42.86%,3,7
38,5,59652,Sam Bennett,37.50%,3,8
38,0,59018,Ryan Gerard,37.50%,3,8
38,0,30852,Ryo Ishikawa,37.50%,3,8
38,0,45486,Joaquin Niemann,37.50%,3,8
38,0,40115,Adam Svensson,37.50%,3,8
38,19,51634,Sahith Theegala,37.50%,3,8
44,0,57860,Maxwell Moldovan,36.36%,4,11
45,-31,30911,Tommy Fleetwood,33.33%,2,6
45,0,20766,Padraig Harrington,33.33%,2,6
45,0,34098,Russell Henley,33.33%,1,3
45,0,50525,Collin Morikawa,33.33%,2,6
45,0,48822,Sebastián Muñoz,33.33%,2,6
45,0,64442,Gordon Sargent,33.33%,1,3
51,0,47504,Sam Burns,28.57%,2,7
51,6,33204,Shane Lowry,28.57%,2,7
51,0,32839,Hideki Matsuyama,28.57%,2,7
51,0,61193,David Puig,28.57%,2,7
55,0,27644,Brian Harman,25.00%,1,4
55,0,55182,Tom Kim,25.00%,1,4
55,0,28521,Ryutaro Nagano,25.00%,1,4
55,0,48081,Xander Schauffele,25.00%,1,4
55,0,58669,Jacob Solomon,25.00%,2,8
55,0,27214,Kevin Streelman,25.00%,1,4
61,0,34099,Harris English,.00%,0,2
61,0,32102,Rickie Fowler,.00%,0,4
61,0,29936,Ryan Fox,.00%,0,3
61,0,46970,Jon Rahm,.00%,0,1