RANK,MOVEMENT,PLAYER_ID,PLAYER,%,SUCCESSES,ATTEMPTS
1,0,35450,Patrick Cantlay,100.00,3,3
1,0,34099,Harris English,100.00,5,5
1,0,40098,Matt Fitzpatrick,100.00,4,4
1,0,27644,Brian Harman,100.00,1,1
1,0,34098,Russell Henley,100.00,2,2
1,0,39971,Sungjae Im,100.00,3,3
1,0,36699,Patrick Rodgers,100.00,2,2
1,0,46046,Scottie Scheffler,100.00,4,4
1,0,25493,Nick Taylor,100.00,6,6
10,0,33141,Keegan Bradley,80.00,4,5
11,0,45522,Christiaan Bezuidenhout,75.00,3,4
11,0,39058,Lucas Herbert,75.00,3,4
11,0,23108,Matt Kuchar,75.00,6,8
11,0,28775,Nate Lashley,75.00,3,4
11,0,47347,Adam Schenk,75.00,3,4
11,0,51634,Sahith Theegala,75.00,6,8
11,0,32150,Michael Thompson,75.00,3,4
18,0,49947,Taylor Moore,71.43,5,7
19,0,32102,Rickie Fowler,66.67,4,6
19,0,35461,Beau Hossler,66.67,2,3
19,0,24024,Zach Johnson,66.67,2,3
19,0,30926,Chris Kirk,66.67,2,3
19,0,51950,Max McGreevy,66.67,6,9
19,0,46414,Aaron Rai,66.67,2,3
19,0,26476,Chez Reavie,66.67,2,3
19,0,34046,Jordan Spieth,66.67,2,3
27,0,51766,Wyndham Clark,62.50,5,8
27,0,54421,Garrick Higgo,62.50,5,8
27,0,30692,Scott Stallings,62.50,5,8
30,0,47504,Sam Burns,60.00,3,5
30,0,23983,Luke Donald,60.00,3,5
30,0,54591,Ben Griffin,60.00,6,10
30,0,47993,Denny McCarthy,60.00,3,5
30,0,25632,Jimmy Walker,60.00,6,10
35,0,06522,Ernie Els,57.14,4,7
35,0,50095,Austin Smotherman,57.14,4,7
35,0,27214,Kevin Streelman,57.14,4,7
35,0,40115,Adam Svensson,57.14,4,7
35,0,58168,Davis Thompson,57.14,8,14
35,0,31323,Gary Woodland,57.14,4,7
41,0,52375,Doug Ghim,55.56,5,9
42,0,55708,Hayden Buckley,50.00,2,4
42,0,49298,Kramer Hickok,50.00,3,6
42,0,32757,Patton Kizzire,50.00,3,6
42,0,32791,K.H. Lee,50.00,4,8
42,0,33204,Shane Lowry,50.00,1,2
42,0,33413,Ben Martin,50.00,3,6
42,0,34256,Andrew Putnam,50.00,2,4
42,0,46970,Jon Rahm,50.00,3,6
42,0,48081,Xander Schauffele,50.00,2,4
42,0,33448,Justin Thomas,50.00,2,4
42,0,52513,Carson Young,50.00,2,4
53,0,30927,Brendon Todd,44.44,4,9
54,0,32448,James Hahn,40.00,2,5
54,0,31557,Jim Herman,40.00,2,5
54,0,40162,Justin Lower,40.00,4,10
54,0,57366,Cameron Young,40.00,2,5
58,0,29725,Tony Finau,33.33,1,3
58,0,30911,Tommy Fleetwood,33.33,1,3
58,0,31646,Emiliano Grillo,33.33,2,6
58,0,34363,Tyrrell Hatton,33.33,1,3
58,0,54628,Lee Hodges,33.33,2,6
58,0,46717,Viktor Hovland,33.33,2,6
58,0,36801,Mark Hubbard,33.33,1,3
58,0,50525,Collin Morikawa,33.33,1,3
58,0,24502,Adam Scott,33.33,1,3
58,0,32139,Danny Willett,33.33,1,3
68,0,22405,Justin Rose,28.57,2,7
69,0,45157,Cam Davis,25.00,1,4
69,0,35449,Adam Long,25.00,1,4
69,0,50493,Justin Suh,25.00,2,8
72,0,36871,Matt NeSmith,20.00,1,5
73,0,39997,Corey Conners,.00,0,2