RANK,MOVEMENT,PLAYER_ID,PLAYER,%,SUCCESSES,ATTEMPTS
1,0,37378,Min Woo Lee,100.00,7,7
1,0,22405,Justin Rose,100.00,3,3
3,48,34363,Tyrrell Hatton,83.33,5,6
4,0,45522,Christiaan Bezuidenhout,80.00,4,5
5,0,45157,Cam Davis,75.00,3,4
5,18,28089,Jason Day,75.00,6,8
5,0,36799,Stephan Jaeger,75.00,3,4
5,0,47983,Chad Ramey,75.00,3,4
5,0,37275,Sam Ryder,75.00,3,4
5,60,33448,Justin Thomas,75.00,6,8
11,0,47993,Denny McCarthy,72.73,8,11
11,0,30692,Scott Stallings,72.73,8,11
13,0,36801,Mark Hubbard,71.43,5,7
14,30,54591,Ben Griffin,70.00,7,10
15,0,34563,Chesson Hadley,66.67,6,9
15,0,35532,Tom Hoge,66.67,4,6
15,42,55182,Tom Kim,66.67,6,9
15,-5,40115,Adam Svensson,66.67,6,9
19,0,33948,Byeong Hun An,62.50,5,8
19,0,08075,Jerry Kelly,62.50,5,8
19,17,46414,Aaron Rai,62.50,5,8
19,0,34610,Matthias Schwab,62.50,5,8
23,0,33399,Adam Hadwin,60.00,6,10
23,23,34098,Russell Henley,60.00,3,5
23,0,28775,Nate Lashley,60.00,3,5
26,-3,22371,Aaron Baddeley,58.33,7,12
27,0,25900,Lucas Glover,57.14,4,7
27,0,27644,Brian Harman,57.14,4,7
27,-17,24502,Adam Scott,57.14,4,7
27,-25,30927,Brendon Todd,57.14,4,7
27,34,47483,Will Zalatoris,57.14,4,7
32,0,46340,Alex Smalley,55.56,5,9
32,0,50095,Austin Smotherman,55.56,5,9
34,6,55789,Taylor Montgomery,54.55,6,11
35,-27,51766,Wyndham Clark,50.00,3,6
35,1,29725,Tony Finau,50.00,4,8
35,33,56762,Will Gordon,50.00,2,4
35,0,29478,Kevin Kisner,50.00,5,10
35,34,34409,David Lingmerth,50.00,3,6
35,0,33413,Ben Martin,50.00,6,12
35,0,46442,Maverick McNealy,50.00,4,8
35,0,40250,Taylor Pendrith,50.00,5,10
35,11,34046,Jordan Spieth,50.00,5,10
35,1,50493,Justin Suh,50.00,4,8
35,-13,32139,Danny Willett,50.00,4,8
46,-6,58168,Davis Thompson,46.15,6,13
47,-27,32102,Rickie Fowler,44.44,4,9
47,20,57366,Cameron Young,44.44,4,9
49,0,51634,Sahith Theegala,43.75,7,16
50,0,35450,Patrick Cantlay,42.86,3,7
50,-27,29936,Ryan Fox,42.86,3,7
50,7,39977,Max Homa,42.86,3,7
50,-48,46717,Viktor Hovland,42.86,3,7
50,0,32839,Hideki Matsuyama,42.86,3,7
50,22,25198,Francesco Molinari,42.86,3,7
50,0,50525,Collin Morikawa,42.86,3,7
50,0,54783,Dylan Wu,42.86,3,7
58,0,49298,Kramer Hickok,40.00,2,5
58,-51,33204,Shane Lowry,40.00,2,5
58,-40,46046,Scottie Scheffler,40.00,2,5
61,-60,48081,Xander Schauffele,37.50,3,8
61,0,52374,Brandon Wu,37.50,6,16
63,0,47504,Sam Burns,33.33,2,6
63,0,47591,Eric Cole,33.33,3,9
63,-2,39546,Keith Mitchell,33.33,3,9
63,0,49960,Sepp Straka,33.33,3,9
67,0,45609,Tyler Duncan,28.57,2,7
67,-44,39971,Sungjae Im,28.57,2,7
69,0,32757,Patton Kizzire,27.27,3,11
70,-47,49947,Taylor Moore,25.00,2,8
71,0,34076,Joel Dahmen,20.00,2,10
72,-26,37455,Si Woo Kim,16.67,1,6
73,-50,30911,Tommy Fleetwood,.00,0,5
73,0,54421,Garrick Higgo,.00,0,4
73,0,31323,Gary Woodland,.00,0,2