RANK,MOVEMENT,PLAYER_ID,PLAYER,%,SUCCESSES,ATTEMPTS
1,0,47993,Denny McCarthy,100.00%,5,5
1,0,31560,Brian Stuard,100.00%,7,7
1,0,30927,Brendon Todd,100.00%,10,10
4,0,47128,Richy Werenski,91.67%,11,12
5,21,49947,Taylor Moore,90.00%,9,10
6,0,47591,Eric Cole,87.50%,7,8
6,12,46340,Alex Smalley,87.50%,7,8
8,11,33653,Thomas Detry,85.71%,6,7
8,0,35461,Beau Hossler,85.71%,6,7
10,0,57975,Harry Hall,80.00%,8,10
10,5,22405,Justin Rose,80.00%,8,10
12,0,36801,Mark Hubbard,77.78%,7,9
13,0,29478,Kevin Kisner,76.92%,10,13
13,0,39546,Keith Mitchell,76.92%,10,13
15,35,35901,Paul Haley II,75.00%,6,8
15,0,52411,Kyle Westmoreland,75.00%,3,4
15,0,52374,Brandon Wu,75.00%,3,4
18,0,28252,Seamus Power,72.73%,8,11
19,12,54421,Garrick Higgo,71.43%,5,7
19,0,48117,Kurt Kitayama,71.43%,5,7
19,51,46441,Robby Shelton,71.43%,5,7
22,0,33408,Tyson Alexander,70.00%,7,10
22,51,35310,Lanto Griffin,70.00%,7,10
22,-7,36724,Augusto Núñez,70.00%,7,10
22,0,24140,Sean O'Hair,70.00%,7,10
22,-3,47347,Adam Schenk,70.00%,7,10
22,0,34046,Jordan Spieth,70.00%,7,10
22,9,58967,Trevor Werbylo,70.00%,7,10
22,9,45242,Kevin Yu,70.00%,7,10
30,0,19803,Ryan Armour,66.67%,4,6
30,0,12716,Charley Hoffman,66.67%,4,6
30,0,46717,Viktor Hovland,66.67%,4,6
30,-19,39975,Michael Kim,66.67%,4,6
30,0,49766,Hank Lebioda,66.67%,4,6
30,-1,29289,S.Y. Noh,66.67%,4,6
30,0,51890,Greyson Sigg,66.67%,4,6
30,19,55893,Sam Stevens,66.67%,6,9
38,0,34076,Joel Dahmen,64.29%,9,14
39,0,28679,Fabián Gómez,63.64%,7,11
40,0,26596,Ryan Moore,62.50%,5,8
40,0,22046,Geoff Ogilvy,62.50%,5,8
40,-36,40250,Taylor Pendrith,62.50%,5,8
43,15,33597,Harry Higgs,61.54%,8,13
44,0,20593,Greg Chalmers,60.00%,6,10
44,0,30692,Scott Stallings,60.00%,3,5
46,21,51414,Brent Grant,58.33%,7,12
47,16,32816,Satoshi Kodaira,57.14%,4,7
47,-24,34466,Peter Malnati,57.14%,4,7
47,11,51997,Andrew Novak,57.14%,4,7
47,0,52575,Paul O'Hara,57.14%,4,7
47,0,47983,Chad Ramey,57.14%,4,7
52,0,39954,Cody Gribble,55.56%,5,9
52,-30,50188,S.H. Kim,55.56%,5,9
54,0,33974,Dean Burmester,54.55%,6,11
54,0,33413,Ben Martin,54.55%,6,11
54,-47,48699,Callum Tarren,54.55%,6,11
57,-10,34255,Joseph Bramlett,50.00%,5,10
57,-13,31577,Tano Goya,50.00%,4,8
57,0,27974,Sung Kang,50.00%,5,10
57,0,33122,Russell Knox,50.00%,2,4
57,13,27214,Kevin Streelman,50.00%,3,6
57,0,25493,Nick Taylor,50.00%,3,6
57,0,32139,Danny Willett,50.00%,6,12
64,0,27895,Jonas Blixt,45.45%,5,11
65,0,36871,Matt NeSmith,44.44%,4,9
66,0,34409,David Lingmerth,42.86%,3,7
66,1,35449,Adam Long,42.86%,3,7
68,-24,33948,Byeong Hun An,40.00%,2,5
68,0,22371,Aaron Baddeley,40.00%,2,5
70,0,39067,MJ Daffue,33.33%,3,9
70,2,47988,Nick Hardy,33.33%,2,6
70,0,53165,Doc Redman,33.33%,2,6
73,0,35532,Tom Hoge,28.57%,2,7
73,0,35617,Martin Trainer,28.57%,2,7
75,0,54783,Dylan Wu,20.00%,1,5