RANK,MOVEMENT,PLAYER_ID,PLAYER,%,PAR OR BETTER,MISSED GIR
1,0,34046,Jordan Spieth,77.42%,24,31
2,34,34256,Andrew Putnam,74.19%,23,31
3,57,55893,Sam Stevens,71.05%,27,38
4,0,49771,J.T. Poston,70.27%,26,37
5,39,49960,Sepp Straka,70.00%,21,30
6,0,35450,Patrick Cantlay,67.86%,19,28
6,51,37455,Si Woo Kim,67.86%,19,28
8,38,54628,Lee Hodges,67.74%,21,31
9,0,34255,Joseph Bramlett,67.65%,23,34
9,0,47993,Denny McCarthy,67.65%,23,34
11,0,48081,Xander Schauffele,66.67%,20,30
12,5,33948,Byeong Hun An,64.52%,20,31
12,0,34363,Tyrrell Hatton,64.52%,20,31
14,0,50188,S.H. Kim,63.16%,24,38
14,0,55789,Taylor Montgomery,63.16%,24,38
16,24,50493,Justin Suh,62.16%,23,37
17,-12,27349,Alex Noren,61.90%,26,42
17,20,46046,Scottie Scheffler,61.90%,13,21
19,-5,45522,Christiaan Bezuidenhout,61.76%,21,34
19,0,28252,Seamus Power,61.76%,21,34
21,-5,46717,Viktor Hovland,61.29%,19,31
22,30,34099,Harris English,61.11%,22,36
23,0,28237,Rory McIlroy,60.61%,20,33
24,15,29936,Ryan Fox,60.53%,23,38
25,-8,32102,Rickie Fowler,60.00%,15,25
25,7,34098,Russell Henley,60.00%,21,35
25,0,37275,Sam Ryder,60.00%,18,30
28,0,26476,Chez Reavie,58.97%,23,39
29,22,35461,Beau Hossler,58.82%,20,34
29,0,24502,Adam Scott,58.82%,20,34
31,0,40250,Taylor Pendrith,58.33%,21,36
31,-9,39324,J.J. Spaun,58.33%,21,36
33,0,20229,Stewart Cink,57.58%,19,33
33,-27,23983,Luke Donald,57.58%,19,33
35,0,40098,Matt Fitzpatrick,56.67%,17,30
36,0,46970,Jon Rahm,56.00%,14,25
37,0,54421,Garrick Higgo,55.88%,19,34
38,0,23108,Matt Kuchar,54.76%,23,42
39,-33,47504,Sam Burns,54.55%,18,33
39,-7,36801,Mark Hubbard,54.55%,18,33
39,0,31323,Gary Woodland,54.55%,18,33
42,-16,36326,David Lipsky,53.33%,16,30
42,0,32839,Hideki Matsuyama,53.33%,16,30
42,0,58168,Davis Thompson,53.33%,16,30
45,18,35532,Tom Hoge,53.13%,17,32
46,0,48887,Matt Wallace,52.94%,18,34
47,0,47995,Davis Riley,52.78%,19,36
48,-17,57362,Austin Eckroat,51.72%,15,29
48,0,39546,Keith Mitchell,51.72%,15,29
50,0,33204,Shane Lowry,51.61%,16,31
51,0,35310,Lanto Griffin,51.43%,18,35
52,0,33141,Keegan Bradley,50.00%,18,36
52,0,51766,Wyndham Clark,50.00%,12,24
52,13,36799,Stephan Jaeger,50.00%,16,32
52,-49,47347,Adam Schenk,50.00%,13,26
56,0,47591,Eric Cole,48.57%,17,35
57,-11,31646,Emiliano Grillo,48.39%,15,31
58,0,32139,Danny Willett,45.95%,17,37
59,-9,36699,Patrick Rodgers,45.45%,15,33
60,0,27649,Brandt Snedeker,44.83%,13,29
61,0,59652,Sam Bennett,41.94%,13,31
62,-45,33653,Thomas Detry,39.39%,13,33
63,0,39971,Sungjae Im,38.71%,12,31
64,2,27129,Luke List,38.46%,10,26
65,0,51634,Sahith Theegala,35.90%,14,39