RANK,MOVEMENT,PLAYER_ID,PLAYER,%,PAR OR BETTER,MISSED GIR
1,0,47591,Eric Cole,84.21%,16,19
2,0,47993,Denny McCarthy,83.33%,20,24
2,0,30927,Brendon Todd,83.33%,25,30
4,47,49947,Taylor Moore,81.82%,18,22
4,15,22405,Justin Rose,81.82%,18,22
6,0,39546,Keith Mitchell,80.95%,17,21
7,0,26596,Ryan Moore,76.19%,16,21
8,0,47128,Richy Werenski,76.00%,19,25
9,20,33653,Thomas Detry,73.91%,17,23
9,-4,47347,Adam Schenk,73.91%,17,23
11,61,35449,Adam Long,73.68%,14,19
11,23,40250,Taylor Pendrith,73.68%,14,19
13,0,33408,Tyson Alexander,71.43%,20,28
13,16,39975,Michael Kim,71.43%,10,14
15,0,33122,Russell Knox,70.59%,12,17
16,55,35310,Lanto Griffin,69.57%,16,23
16,0,33413,Ben Martin,69.57%,16,23
18,0,35461,Beau Hossler,69.23%,18,26
19,21,34466,Peter Malnati,68.42%,13,19
20,0,32139,Danny Willett,68.00%,17,25
21,0,46717,Viktor Hovland,66.67%,12,18
21,0,29478,Kevin Kisner,66.67%,16,24
21,0,48117,Kurt Kitayama,66.67%,14,21
21,0,49766,Hank Lebioda,66.67%,12,18
21,44,51997,Andrew Novak,66.67%,14,21
21,30,46441,Robby Shelton,66.67%,12,18
21,11,45242,Kevin Yu,66.67%,12,18
28,0,34409,David Lingmerth,65.38%,17,26
29,0,25493,Nick Taylor,65.00%,13,20
30,3,54421,Garrick Higgo,64.71%,11,17
31,37,32816,Satoshi Kodaira,63.64%,14,22
32,0,30692,Scott Stallings,63.16%,12,19
33,0,28252,Seamus Power,62.96%,17,27
34,0,34076,Joel Dahmen,62.50%,15,24
34,15,58967,Trevor Werbylo,62.50%,15,24
36,15,27214,Kevin Streelman,61.90%,13,21
37,0,22046,Geoff Ogilvy,61.54%,16,26
38,-18,31577,Tano Goya,61.11%,11,18
39,0,36801,Mark Hubbard,60.87%,14,23
40,9,33948,Byeong Hun An,60.00%,15,25
40,0,57975,Harry Hall,60.00%,12,20
40,19,33597,Harry Higgs,60.00%,15,25
40,21,46340,Alex Smalley,60.00%,12,20
44,-7,35901,Paul Haley II,59.09%,13,22
45,0,54783,Dylan Wu,57.89%,11,19
46,-17,36724,Augusto Núñez,57.69%,15,26
47,0,12716,Charley Hoffman,57.14%,8,14
47,0,24140,Sean O'Hair,57.14%,16,28
47,0,52374,Brandon Wu,57.14%,8,14
50,-10,33974,Dean Burmester,56.52%,13,23
50,0,28679,Fabián Gómez,56.52%,13,23
50,0,39954,Cody Gribble,56.52%,13,23
53,0,53165,Doc Redman,56.00%,14,25
54,0,52575,Paul O'Hara,55.56%,15,27
55,-15,51414,Brent Grant,54.55%,12,22
55,0,31560,Brian Stuard,54.55%,12,22
57,-48,50188,S.H. Kim,54.17%,13,24
57,0,34046,Jordan Spieth,54.17%,13,24
59,0,20593,Greg Chalmers,53.85%,14,26
60,-9,55893,Sam Stevens,52.17%,12,23
61,-14,29289,S.Y. Noh,52.00%,13,25
62,0,27895,Jonas Blixt,50.00%,10,20
62,0,47983,Chad Ramey,50.00%,10,20
62,0,51890,Greyson Sigg,50.00%,11,22
62,0,35617,Martin Trainer,50.00%,8,16
66,0,39067,MJ Daffue,47.83%,11,23
66,0,35532,Tom Hoge,47.83%,11,23
66,0,27974,Sung Kang,47.83%,11,23
69,0,36871,Matt NeSmith,47.37%,9,19
70,0,22371,Aaron Baddeley,47.06%,8,17
71,0,52411,Kyle Westmoreland,44.44%,8,18
72,-27,34255,Joseph Bramlett,43.75%,7,16
73,0,19803,Ryan Armour,42.86%,9,21
74,-56,48699,Callum Tarren,40.91%,9,22
75,-11,47988,Nick Hardy,40.00%,8,20