RANK,MOVEMENT,PLAYER_ID,PLAYER,%,PAR OR BETTER,MISSED GIR
1,0,34099,Harris English,84.62,22,26
2,0,36871,Matt NeSmith,76.47,26,34
3,0,51890,Greyson Sigg,75.00,24,32
4,15,54591,Ben Griffin,73.53,25,34
5,0,30927,Brendon Todd,73.08,19,26
6,-5,50188,S.H. Kim,71.88,23,32
7,0,48117,Kurt Kitayama,71.43,15,21
7,66,47347,Adam Schenk,71.43,20,28
9,0,58168,Davis Thompson,70.97,22,31
10,0,33653,Thomas Detry,70.59,24,34
11,0,46717,Viktor Hovland,70.37,19,27
12,0,32791,K.H. Lee,69.23,18,26
13,0,28237,Rory McIlroy,68.97,20,29
14,0,34098,Russell Henley,68.75,22,32
15,0,49947,Taylor Moore,68.57,24,35
16,0,47987,Cole Hammer,68.42,26,38
17,0,28089,Jason Day,68.00,17,25
18,0,34046,Jordan Spieth,67.65,23,34
19,55,59836,Pierceson Coody,66.67,22,33
19,0,29725,Tony Finau,66.67,16,24
21,0,48081,Xander Schauffele,65.71,23,35
22,0,22371,Aaron Baddeley,65.63,21,32
22,0,35506,Mackenzie Hughes,65.63,21,32
24,0,55182,Tom Kim,65.52,19,29
25,26,46441,Robby Shelton,64.86,24,37
26,-25,39971,Sungjae Im,64.52,20,31
26,3,33204,Shane Lowry,64.52,20,31
28,0,51766,Wyndham Clark,64.00,16,25
29,0,40098,Matt Fitzpatrick,63.33,19,30
29,-17,32139,Danny Willett,63.33,19,30
31,0,46601,Trey Mullinax,62.96,17,27
32,0,32102,Rickie Fowler,62.86,22,35
33,0,34363,Tyrrell Hatton,62.50,15,24
33,0,37455,Si Woo Kim,62.50,15,24
33,0,55789,Taylor Montgomery,62.50,20,32
36,0,39977,Max Homa,61.90,13,21
37,0,30911,Tommy Fleetwood,61.76,21,34
38,0,52955,Ludvig Åberg,61.29,19,31
38,18,47995,Davis Riley,61.29,19,31
38,0,52411,Kyle Westmoreland,61.29,19,31
41,3,40115,Adam Svensson,60.71,17,28
42,11,20766,Padraig Harrington,59.26,16,27
43,0,35450,Patrick Cantlay,58.33,14,24
43,0,27936,Martin Laird,58.33,14,24
45,0,46046,Scottie Scheffler,57.69,15,26
46,0,59871,Greg Koch,57.14,20,35
47,0,46414,Aaron Rai,56.52,13,23
47,0,24502,Adam Scott,56.52,13,23
49,-22,24024,Zach Johnson,56.25,18,32
50,0,29936,Ryan Fox,56.00,14,25
51,0,57366,Cameron Young,54.17,13,24
52,0,23320,Ryan Palmer,53.85,14,26
53,0,27349,Alex Noren,53.33,16,30
54,0,39997,Corey Conners,53.13,17,32
55,11,56762,Will Gordon,52.17,12,23
55,0,33448,Justin Thomas,52.17,12,23
57,0,23983,Luke Donald,51.85,14,27
58,-38,48119,Ben Taylor,51.52,17,33
59,0,31646,Emiliano Grillo,50.00,11,22
59,0,36326,David Lipsky,50.00,12,24
59,0,39546,Keith Mitchell,50.00,14,28
59,0,51634,Sahith Theegala,50.00,12,24
63,0,28252,Seamus Power,48.48,16,33
63,0,29221,Webb Simpson,48.48,16,33
65,-45,30926,Chris Kirk,48.39,15,31
65,-59,34409,David Lingmerth,48.39,15,31
67,0,33141,Keegan Bradley,48.15,13,27
67,0,25198,Francesco Molinari,48.15,13,27
69,0,47483,Will Zalatoris,44.44,12,27
70,-30,50493,Justin Suh,44.00,11,25
71,0,46970,Jon Rahm,41.94,13,31
72,0,34256,Andrew Putnam,40.00,10,25