RANK,MOVEMENT,PLAYER_ID,PLAYER,%,PAR OR BETTER,MISSED GIR
1,1,39971,Sungjae Im,85.71%,18,21
2,36,28237,Rory McIlroy,83.33%,15,18
2,57,46046,Scottie Scheffler,83.33%,10,12
4,8,27644,Brian Harman,80.77%,21,26
5,19,30927,Brendon Todd,79.17%,19,24
6,12,57366,Cameron Young,75.00%,21,28
7,27,47993,Denny McCarthy,72.73%,16,22
8,27,30911,Tommy Fleetwood,68.42%,13,19
9,11,34098,Russell Henley,68.18%,15,22
9,14,50525,Collin Morikawa,68.18%,15,22
11,29,47504,Sam Burns,66.67%,14,21
12,-8,37455,Si Woo Kim,65.38%,17,26
13,39,40098,Matt Fitzpatrick,64.29%,9,14
14,-8,34256,Andrew Putnam,63.64%,7,11
15,28,47347,Adam Schenk,63.16%,12,19
16,14,46970,Jon Rahm,62.96%,17,27
17,-1,34046,Jordan Spieth,62.07%,18,29
18,-14,35450,Patrick Cantlay,61.90%,13,21
18,51,49960,Sepp Straka,61.90%,13,21
20,25,31646,Emiliano Grillo,61.54%,16,26
21,24,36699,Patrick Rodgers,60.87%,14,23
22,31,34099,Harris English,60.00%,15,25
22,0,48081,Xander Schauffele,60.00%,15,25
24,-6,39977,Max Homa,58.82%,10,17
25,40,35532,Tom Hoge,58.62%,17,29
26,38,51766,Wyndham Clark,58.33%,14,24
27,-15,34363,Tyrrell Hatton,57.69%,15,26
28,14,39997,Corey Conners,57.14%,8,14
28,34,46717,Viktor Hovland,57.14%,8,14
30,40,29725,Tony Finau,56.52%,13,23
30,37,32102,Rickie Fowler,56.52%,13,23
30,-21,40115,Adam Svensson,56.52%,13,23
33,-32,25900,Lucas Glover,54.55%,12,22
34,14,33948,Byeong Hun An,52.17%,12,23
34,1,54628,Lee Hodges,52.17%,12,23
34,-24,30926,Chris Kirk,52.17%,12,23
37,-17,33399,Adam Hadwin,51.61%,16,31
38,5,49947,Taylor Moore,51.52%,17,33
39,-9,47591,Eric Cole,50.00%,14,28
40,-5,22405,Justin Rose,47.83%,11,23
41,-30,55182,Tom Kim,47.62%,10,21
41,-29,48117,Kurt Kitayama,47.62%,10,21
43,-13,28089,Jason Day,46.67%,14,30
44,-27,45157,Cam Davis,44.44%,8,18
44,12,25493,Nick Taylor,44.44%,12,27
46,20,28252,Seamus Power,43.33%,13,30
47,-20,49771,J.T. Poston,42.11%,8,19
48,-45,51634,Sahith Theegala,41.18%,7,17
49,19,33141,Keegan Bradley,35.29%,6,17