RANK,MOVEMENT,PLAYER_ID,PLAYER,%,PAR OR BETTER,MISSED GIR
1,0,26476,Chez Reavie,90.00,18,20
2,0,27644,Brian Harman,86.67,13,15
3,0,47347,Adam Schenk,84.00,21,25
4,-1,40098,Matt Fitzpatrick,83.33,20,24
4,-2,34098,Russell Henley,83.33,20,24
4,10,48081,Xander Schauffele,83.33,15,18
7,0,51766,Wyndham Clark,82.76,24,29
8,25,24024,Zach Johnson,82.14,23,28
9,38,49947,Taylor Moore,80.65,25,31
10,13,34046,Jordan Spieth,80.00,16,20
10,20,51634,Sahith Theegala,80.00,20,25
12,0,36699,Patrick Rodgers,78.57,11,14
13,0,32102,Rickie Fowler,78.26,18,23
13,4,34363,Tyrrell Hatton,78.26,18,23
15,0,54421,Garrick Higgo,75.76,25,33
16,0,23108,Matt Kuchar,75.00,18,24
16,0,47993,Denny McCarthy,75.00,18,24
18,9,22405,Justin Rose,74.07,20,27
19,0,45157,Cam Davis,73.91,17,23
20,0,28775,Nate Lashley,73.33,22,30
21,0,45522,Christiaan Bezuidenhout,73.08,19,26
21,10,35450,Patrick Cantlay,73.08,19,26
21,-1,34099,Harris English,73.08,19,26
24,26,47504,Sam Burns,72.00,18,25
24,0,36801,Mark Hubbard,72.00,18,25
26,-19,33141,Keegan Bradley,71.43,20,28
26,0,31646,Emiliano Grillo,71.43,20,28
26,0,51950,Max McGreevy,71.43,25,35
26,0,25632,Jimmy Walker,71.43,20,28
30,0,32150,Michael Thompson,69.57,16,23
31,0,23983,Luke Donald,69.44,25,36
32,11,29725,Tony Finau,68.97,20,29
32,-17,30692,Scott Stallings,68.97,20,29
34,-23,39971,Sungjae Im,68.42,13,19
35,-8,30926,Chris Kirk,68.00,17,25
35,0,46414,Aaron Rai,68.00,17,25
35,-14,31323,Gary Woodland,68.00,17,25
38,0,25493,Nick Taylor,67.86,19,28
39,0,49298,Kramer Hickok,66.67,20,30
39,0,33413,Ben Martin,66.67,20,30
39,0,27214,Kevin Streelman,66.67,14,21
39,0,40115,Adam Svensson,66.67,16,24
43,0,54591,Ben Griffin,65.63,21,32
43,0,58168,Davis Thompson,65.63,21,32
45,-4,32791,K.H. Lee,65.38,17,26
45,0,40162,Justin Lower,65.38,17,26
47,-46,46970,Jon Rahm,64.71,11,17
48,0,36871,Matt NeSmith,64.29,18,28
49,0,52375,Doug Ghim,63.33,19,30
49,0,35449,Adam Long,63.33,19,30
49,0,50095,Austin Smotherman,63.33,19,30
52,-28,30911,Tommy Fleetwood,63.16,12,19
53,0,06522,Ernie Els,62.96,17,27
54,0,33448,Justin Thomas,62.50,15,24
54,0,52513,Carson Young,62.50,15,24
56,0,54628,Lee Hodges,62.07,18,29
57,0,39997,Corey Conners,61.90,13,21
58,-23,24502,Adam Scott,60.87,14,23
59,0,32757,Patton Kizzire,59.26,16,27
60,0,35461,Beau Hossler,59.09,13,22
61,-48,50525,Collin Morikawa,58.82,10,17
62,-36,46046,Scottie Scheffler,57.89,11,19
63,0,31557,Jim Herman,57.69,15,26
64,0,32139,Danny Willett,57.14,16,28
65,0,55708,Hayden Buckley,56.25,9,16
66,0,34256,Andrew Putnam,56.00,14,25
67,-46,33204,Shane Lowry,55.00,11,20
68,0,30927,Brendon Todd,53.57,15,28
68,-34,57366,Cameron Young,53.57,15,28
70,0,39058,Lucas Herbert,52.17,12,23
71,0,32448,James Hahn,52.00,13,25
72,-68,46717,Viktor Hovland,46.67,7,15
73,0,50493,Justin Suh,45.95,17,37