RANK,MOVEMENT,PLAYER_ID,PLAYER,AVG,TOTAL DISTANCE,TOTAL DRIVES
1,0,57366,Cameron Young,325.6,2605,8
2,0,28237,Rory McIlroy,324.4,2595,8
3,12,56762,Will Gordon,313.9,2511,8
4,24,54591,Ben Griffin,313.4,2507,8
5,0,52411,Kyle Westmoreland,312.8,2502,8
6,0,34363,Tyrrell Hatton,312.1,2497,8
7,0,58168,Davis Thompson,311.8,2494,8
8,0,51634,Sahith Theegala,311.5,2492,8
9,0,46601,Trey Mullinax,311.3,2490,8
10,0,46046,Scottie Scheffler,310.3,2482,8
11,0,51766,Wyndham Clark,308.9,2471,8
12,0,33448,Justin Thomas,308.5,2468,8
13,0,47483,Will Zalatoris,308.3,2466,8
14,0,52955,Ludvig Åberg,308.1,2465,8
15,0,39546,Keith Mitchell,307.9,2463,8
16,0,40098,Matt Fitzpatrick,306.1,2449,8
17,0,46717,Viktor Hovland,304.6,2437,8
18,-2,59836,Pierceson Coody,304.5,2436,8
19,0,55789,Taylor Montgomery,304.4,2435,8
20,0,29936,Ryan Fox,304.1,2433,8
21,-3,47995,Davis Riley,303.6,2429,8
22,0,33653,Thomas Detry,303.4,2427,8
23,0,35450,Patrick Cantlay,302.9,2423,8
24,47,46441,Robby Shelton,302.1,2417,8
25,-4,33204,Shane Lowry,301.5,2412,8
26,0,49947,Taylor Moore,301.4,2411,8
27,0,24502,Adam Scott,301.3,2410,8
28,0,34046,Jordan Spieth,301.1,2409,8
29,0,29725,Tony Finau,301.0,2408,8
30,0,32102,Rickie Fowler,300.6,2405,8
30,0,48117,Kurt Kitayama,300.6,2405,8
32,0,28089,Jason Day,300.3,2402,8
33,0,46970,Jon Rahm,299.4,2395,8
34,-26,48119,Ben Taylor,298.6,2389,8
35,12,29221,Webb Simpson,297.8,2382,8
36,0,23320,Ryan Palmer,296.6,2373,8
37,0,27349,Alex Noren,296.5,2372,8
38,0,35506,Mackenzie Hughes,296.1,2369,8
39,0,31646,Emiliano Grillo,296.0,2368,8
40,-6,20766,Padraig Harrington,295.5,2364,8
41,-17,47347,Adam Schenk,295.0,2360,8
42,0,34099,Harris English,294.6,2357,8
43,20,32139,Danny Willett,294.1,2353,8
44,0,55182,Tom Kim,293.6,2349,8
45,0,37455,Si Woo Kim,293.5,2348,8
46,8,30926,Chris Kirk,293.0,2344,8
47,0,39997,Corey Conners,292.9,2343,8
48,0,28252,Seamus Power,292.5,2340,8
49,-17,50188,S.H. Kim,292.4,2339,8
50,-3,50493,Justin Suh,292.3,2338,8
51,0,30911,Tommy Fleetwood,290.6,2325,8
51,0,39977,Max Homa,290.6,2325,8
51,0,36871,Matt NeSmith,290.6,2325,8
54,0,33141,Keegan Bradley,290.4,2323,8
55,0,59871,Greg Koch,289.1,2313,8
56,0,48081,Xander Schauffele,288.1,2305,8
57,0,47987,Cole Hammer,288.0,2304,8
57,0,27936,Martin Laird,288.0,2304,8
59,0,25198,Francesco Molinari,286.1,2289,8
60,0,34098,Russell Henley,285.4,2283,8
61,0,36326,David Lipsky,285.0,2280,8
62,0,51890,Greyson Sigg,284.8,2278,8
63,2,24024,Zach Johnson,284.3,2274,8
64,-33,39971,Sungjae Im,282.0,2256,8
65,0,32791,K.H. Lee,281.9,2255,8
66,-5,40115,Adam Svensson,281.8,2254,8
67,0,46414,Aaron Rai,280.0,2240,8
68,0,22371,Aaron Baddeley,278.0,2224,8
69,0,23983,Luke Donald,276.0,2208,8
70,10,34409,David Lingmerth,270.0,2160,8
71,0,34256,Andrew Putnam,268.6,2149,8
72,0,30927,Brendon Todd,264.5,2116,8