RANK,MOVEMENT,PLAYER_ID,PLAYER,AVG,TOTAL DISTANCE,TOTAL DRIVES
1,0,28237,Rory McIlroy,339.1,2713,8
2,0,34255,Joseph Bramlett,335.6,2685,8
3,0,51766,Wyndham Clark,329.9,2639,8
4,0,24502,Adam Scott,329.4,2635,8
5,-4,33948,Byeong Hun An,324.1,2593,8
6,0,50188,S.H. Kim,323.8,2590,8
7,0,46970,Jon Rahm,323.0,2584,8
8,0,40098,Matt Fitzpatrick,320.5,2564,8
9,0,39546,Keith Mitchell,319.3,2554,8
10,0,31323,Gary Woodland,318.9,2551,8
11,6,33653,Thomas Detry,318.5,2548,8
11,-2,36799,Stephan Jaeger,318.5,2548,8
13,0,34363,Tyrrell Hatton,318.0,2544,8
13,0,54421,Garrick Higgo,318.0,2544,8
15,-7,55893,Sam Stevens,317.4,2539,8
16,3,46717,Viktor Hovland,317.1,2537,8
16,0,40250,Taylor Pendrith,317.1,2537,8
18,0,55789,Taylor Montgomery,316.8,2534,8
19,-16,47504,Sam Burns,316.4,2531,8
20,14,32102,Rickie Fowler,316.3,2530,8
21,0,47995,Davis Riley,316.1,2529,8
22,0,35450,Patrick Cantlay,316.0,2528,8
23,-13,27129,Luke List,315.8,2526,8
24,34,57362,Austin Eckroat,314.9,2519,8
25,0,39971,Sungjae Im,313.9,2511,8
26,0,33141,Keegan Bradley,313.8,2510,8
27,0,32839,Hideki Matsuyama,312.8,2502,8
28,0,33204,Shane Lowry,311.3,2490,8
29,0,51634,Sahith Theegala,309.5,2476,8
30,-23,46046,Scottie Scheffler,308.6,2469,8
31,-18,36699,Patrick Rodgers,308.3,2466,8
32,0,34046,Jordan Spieth,308.0,2464,8
33,-12,39324,J.J. Spaun,307.3,2458,8
34,0,58168,Davis Thompson,306.8,2454,8
35,28,27349,Alex Noren,306.5,2452,8
36,-1,54628,Lee Hodges,306.4,2451,8
37,-13,37455,Si Woo Kim,306.0,2448,8
38,-32,29936,Ryan Fox,304.8,2438,8
38,0,48081,Xander Schauffele,304.8,2438,8
40,4,36801,Mark Hubbard,303.8,2430,8
41,0,47993,Denny McCarthy,303.6,2429,8
42,0,59652,Sam Bennett,303.5,2428,8
43,0,35310,Lanto Griffin,303.3,2426,8
44,0,20229,Stewart Cink,303.1,2425,8
44,-29,35461,Beau Hossler,303.1,2425,8
46,20,31646,Emiliano Grillo,302.6,2421,8
47,2,35532,Tom Hoge,302.4,2419,8
48,0,47591,Eric Cole,301.9,2415,8
49,0,23108,Matt Kuchar,300.6,2405,8
49,-33,47347,Adam Schenk,300.6,2405,8
51,-27,49960,Sepp Straka,300.5,2404,8
52,0,37275,Sam Ryder,300.0,2400,8
53,0,49771,J.T. Poston,299.9,2399,8
53,-14,50493,Justin Suh,299.9,2399,8
55,2,36326,David Lipsky,298.4,2387,8
55,0,32139,Danny Willett,298.4,2387,8
57,0,48887,Matt Wallace,297.6,2381,8
58,-25,34098,Russell Henley,297.4,2379,8
59,13,23983,Luke Donald,296.6,2373,8
60,-18,45522,Christiaan Bezuidenhout,296.4,2371,8
61,-29,34099,Harris English,294.9,2359,8
62,0,28252,Seamus Power,294.4,2355,8
63,-4,26476,Chez Reavie,294.3,2354,8
64,0,27649,Brandt Snedeker,291.3,2330,8
65,2,34256,Andrew Putnam,290.3,2322,8