RANK,MOVEMENT,PLAYER_ID,PLAYER,AVG,TOTAL DISTANCE,TOTAL DRIVES
1,0,28237,Rory McIlroy,326.5,2612,8
2,2,36699,Patrick Rodgers,315.6,2525,8
3,2,46970,Jon Rahm,314.3,2514,8
4,-2,57366,Cameron Young,312.6,2501,8
5,5,35450,Patrick Cantlay,311.1,2489,8
6,61,48117,Kurt Kitayama,310.5,2484,8
7,4,51766,Wyndham Clark,310.1,2481,8
8,-1,51634,Sahith Theegala,309.5,2476,8
9,7,39977,Max Homa,308.9,2471,8
10,14,33141,Keegan Bradley,307.6,2461,8
11,18,39997,Corey Conners,306.8,2454,8
12,7,46717,Viktor Hovland,306.0,2448,8
13,-10,33948,Byeong Hun An,305.4,2443,8
14,24,48081,Xander Schauffele,304.6,2437,8
15,19,47347,Adam Schenk,304.1,2433,8
16,-3,32102,Rickie Fowler,301.8,2414,8
17,8,28089,Jason Day,301.6,2413,8
17,33,40098,Matt Fitzpatrick,301.6,2413,8
19,1,46046,Scottie Scheffler,301.0,2408,8
20,13,34099,Harris English,300.9,2407,8
21,22,39971,Sungjae Im,300.6,2405,8
22,36,31646,Emiliano Grillo,299.9,2399,8
22,1,34046,Jordan Spieth,299.9,2399,8
24,28,35532,Tom Hoge,298.9,2391,8
25,17,45157,Cam Davis,298.6,2389,8
26,-17,49947,Taylor Moore,298.5,2388,8
27,-10,34363,Tyrrell Hatton,296.3,2370,8
28,-2,49960,Sepp Straka,295.3,2362,8
29,33,37455,Si Woo Kim,294.4,2355,8
30,17,40115,Adam Svensson,294.1,2353,8
31,3,47591,Eric Cole,294.0,2352,8
32,28,30926,Chris Kirk,293.5,2348,8
33,33,50525,Collin Morikawa,292.8,2342,8
34,-3,22405,Justin Rose,292.4,2339,8
35,19,25493,Nick Taylor,291.6,2333,8
36,15,27644,Brian Harman,291.5,2332,8
36,13,49771,J.T. Poston,291.5,2332,8
38,21,33399,Adam Hadwin,291.3,2330,8
39,-26,47504,Sam Burns,291.0,2328,8
40,28,34098,Russell Henley,290.6,2325,8
41,-1,55182,Tom Kim,289.1,2313,8
42,-21,30911,Tommy Fleetwood,288.9,2311,8
43,-6,25900,Lucas Glover,288.6,2309,8
44,-16,28252,Seamus Power,287.0,2296,8
45,-9,47993,Denny McCarthy,286.1,2289,8
46,-7,54628,Lee Hodges,285.4,2283,8
47,-6,29725,Tony Finau,283.9,2271,8
48,22,34256,Andrew Putnam,281.3,2250,8
48,21,30927,Brendon Todd,281.3,2250,8