RANK,MOVEMENT,PLAYER_ID,PLAYER,AVG,TOTAL DISTANCE,TOTAL DRIVES
1,0,57366,Cameron Young,318.4,2547,8
2,0,25632,Jimmy Walker,316.0,2528,8
3,11,51634,Sahith Theegala,315.6,2525,8
4,25,30911,Tommy Fleetwood,311.5,2492,8
5,0,58168,Davis Thompson,310.8,2486,8
6,0,54628,Lee Hodges,310.6,2485,8
7,0,45157,Cam Davis,308.5,2468,8
8,0,32102,Rickie Fowler,307.3,2458,8
8,15,46717,Viktor Hovland,307.3,2458,8
10,-2,49947,Taylor Moore,306.9,2455,8
11,15,34046,Jordan Spieth,306.4,2451,8
12,0,35461,Beau Hossler,305.5,2444,8
13,-7,46046,Scottie Scheffler,304.5,2436,8
13,0,33448,Justin Thomas,304.5,2436,8
15,-2,40098,Matt Fitzpatrick,303.6,2429,8
16,-13,24502,Adam Scott,303.0,2424,8
17,-13,47504,Sam Burns,302.4,2419,8
18,0,47347,Adam Schenk,302.1,2417,8
19,-14,31323,Gary Woodland,302.0,2416,8
20,-13,35450,Patrick Cantlay,301.4,2411,8
21,0,54421,Garrick Higgo,301.3,2410,8
22,-7,30692,Scott Stallings,300.8,2406,8
23,0,23108,Matt Kuchar,300.4,2403,8
24,0,52375,Doug Ghim,299.4,2395,8
25,0,36699,Patrick Rodgers,299.0,2392,8
26,-14,34363,Tyrrell Hatton,298.6,2389,8
27,0,54591,Ben Griffin,298.5,2388,8
28,8,33141,Keegan Bradley,298.3,2386,8
29,-5,46970,Jon Rahm,297.5,2380,8
30,-5,48081,Xander Schauffele,297.0,2376,8
31,0,06522,Ernie Els,296.8,2374,8
32,-11,29725,Tony Finau,296.0,2368,8
33,0,55708,Hayden Buckley,295.6,2365,8
33,-5,32791,K.H. Lee,295.6,2365,8
35,2,34099,Harris English,295.5,2364,8
36,0,27214,Kevin Streelman,294.8,2358,8
37,-5,50525,Collin Morikawa,294.6,2357,8
38,2,30926,Chris Kirk,294.0,2352,8
39,0,40162,Justin Lower,293.9,2351,8
40,-20,22405,Justin Rose,293.8,2350,8
40,0,50493,Justin Suh,293.8,2350,8
42,0,32757,Patton Kizzire,293.5,2348,8
43,0,24024,Zach Johnson,292.6,2341,8
44,0,39997,Corey Conners,292.3,2338,8
45,0,31646,Emiliano Grillo,291.8,2334,8
46,0,27644,Brian Harman,291.4,2331,8
47,0,23983,Luke Donald,291.0,2328,8
48,0,39058,Lucas Herbert,290.6,2325,8
49,0,52513,Carson Young,290.5,2324,8
50,0,33413,Ben Martin,290.3,2322,8
51,0,32150,Michael Thompson,290.1,2321,8
52,0,36801,Mark Hubbard,290.0,2320,8
53,-19,33204,Shane Lowry,289.0,2312,8
54,-3,39971,Sungjae Im,288.9,2311,8
55,0,31557,Jim Herman,288.8,2310,8
55,0,50095,Austin Smotherman,288.8,2310,8
57,0,45522,Christiaan Bezuidenhout,287.1,2297,8
58,0,40115,Adam Svensson,287.0,2296,8
59,0,28775,Nate Lashley,286.5,2292,8
60,0,32139,Danny Willett,285.9,2287,8
61,0,36871,Matt NeSmith,285.1,2281,8
62,0,32448,James Hahn,285.0,2280,8
63,0,47993,Denny McCarthy,283.9,2271,8
64,0,49298,Kramer Hickok,283.8,2270,8
65,0,51766,Wyndham Clark,282.8,2262,8
66,-18,34098,Russell Henley,282.6,2261,8
67,0,30927,Brendon Todd,282.4,2259,8
68,0,46414,Aaron Rai,282.1,2257,8
69,0,25493,Nick Taylor,279.8,2238,8
70,0,26476,Chez Reavie,279.3,2234,8
71,0,51950,Max McGreevy,278.9,2231,8
72,0,35449,Adam Long,278.4,2227,8
73,0,34256,Andrew Putnam,278.1,2225,8