RANK,MOVEMENT,PLAYER_ID,PLAYER,AVG,TOTAL DISTANCE,TOTAL DRIVES
1,4,34255,Joseph Bramlett,311.0,2488,8
2,0,35617,Martin Trainer,310.6,2485,8
3,39,51414,Brent Grant,309.8,2478,8
4,7,33948,Byeong Hun An,308.0,2464,8
5,30,50188,S.H. Kim,307.8,2462,8
6,-3,33974,Dean Burmester,304.9,2439,8
7,0,48117,Kurt Kitayama,303.6,2429,8
8,10,47347,Adam Schenk,303.0,2424,8
9,6,45242,Kevin Yu,301.0,2408,8
10,37,39975,Michael Kim,299.5,2396,8
11,0,49766,Hank Lebioda,299.0,2392,8
12,14,36724,Augusto Núñez,297.9,2383,8
13,0,35461,Beau Hossler,294.5,2356,8
13,13,40250,Taylor Pendrith,294.5,2356,8
15,0,39546,Keith Mitchell,294.3,2354,8
16,13,55893,Sam Stevens,294.1,2353,8
17,-11,48699,Callum Tarren,293.9,2351,8
18,0,46717,Viktor Hovland,293.3,2346,8
19,16,29289,S.Y. Noh,292.1,2337,8
20,5,33597,Harry Higgs,291.5,2332,8
21,2,47988,Nick Hardy,290.4,2323,8
21,0,33413,Ben Martin,290.4,2323,8
23,41,51997,Andrew Novak,290.1,2321,8
24,25,49947,Taylor Moore,288.6,2309,8
25,26,27214,Kevin Streelman,288.4,2307,8
26,0,47591,Eric Cole,288.1,2305,8
27,14,58967,Trevor Werbylo,287.8,2302,8
28,0,27895,Jonas Blixt,287.3,2298,8
29,0,34046,Jordan Spieth,287.1,2297,8
30,0,39067,MJ Daffue,286.5,2292,8
31,0,36871,Matt NeSmith,285.9,2287,8
32,7,54421,Garrick Higgo,285.5,2284,8
33,0,53165,Doc Redman,285.1,2281,8
34,19,31577,Tano Goya,285.0,2280,8
34,0,30692,Scott Stallings,285.0,2280,8
36,0,25493,Nick Taylor,284.4,2275,8
37,0,28679,Fabián Gómez,283.9,2271,8
38,0,12716,Charley Hoffman,283.4,2267,8
38,0,54783,Dylan Wu,283.4,2267,8
40,0,20593,Greg Chalmers,283.0,2264,8
41,0,29478,Kevin Kisner,282.9,2263,8
41,0,52411,Kyle Westmoreland,282.9,2263,8
43,17,34466,Peter Malnati,282.8,2262,8
44,-25,35310,Lanto Griffin,282.4,2259,8
45,-1,22405,Justin Rose,282.1,2257,8
46,0,33122,Russell Knox,281.8,2254,8
47,0,57975,Harry Hall,281.1,2249,8
48,0,47128,Richy Werenski,280.8,2246,8
49,0,52575,Paul O'Hara,280.6,2245,8
50,-36,33653,Thomas Detry,280.1,2241,8
51,0,22046,Geoff Ogilvy,280.0,2240,8
51,0,28252,Seamus Power,280.0,2240,8
53,0,52374,Brandon Wu,279.1,2233,8
54,0,51890,Greyson Sigg,278.4,2227,8
55,0,33408,Tyson Alexander,277.6,2221,8
56,0,39954,Cody Gribble,277.5,2220,8
57,0,47993,Denny McCarthy,275.9,2207,8
58,4,35449,Adam Long,275.8,2206,8
59,0,34076,Joel Dahmen,275.1,2201,8
60,0,32139,Danny Willett,275.0,2200,8
61,0,46441,Robby Shelton,274.9,2199,8
61,0,30927,Brendon Todd,274.9,2199,8
63,0,27974,Sung Kang,274.6,2197,8
64,0,19803,Ryan Armour,274.1,2193,8
65,0,47983,Chad Ramey,273.0,2184,8
66,0,36801,Mark Hubbard,272.6,2181,8
67,0,34409,David Lingmerth,272.0,2176,8
68,0,35532,Tom Hoge,271.8,2174,8
69,0,26596,Ryan Moore,270.9,2167,8
70,3,35901,Paul Haley II,269.9,2159,8
71,-50,46340,Alex Smalley,269.4,2155,8
72,0,32816,Satoshi Kodaira,269.3,2154,8
73,0,22371,Aaron Baddeley,266.9,2135,8
74,0,31560,Brian Stuard,266.1,2129,8
75,0,24140,Sean O'Hair,265.3,2122,8